id,cliente_id,numeroCuenta,saldo,tipoCuenta,fechaCreacion
0,749,GB19ZLQI48969684137446,16293.64,Ahorro,2023-05-12
1,723,GB28JNLZ06975170324177,54014.16,Ahorro,2020-09-04
2,327,GB49TKQH00580007001253,61924.15,Ahorro,2021-04-25
3,206,GB93EIBE92205962082576,6201.84,Corriente,2016-10-21
4,182,GB74TWGG10566473134660,72427.36,Ahorro,2014-09-29
5,392,GB42CVBY21153917910322,42758.9,Ahorro,2019-10-25
6,732,GB44XCZL30968522825026,58872.93,Corriente,2019-11-29
7,917,GB38JFQH63974356118083,11117.02,Ahorro,2022-11-07
8,613,GB89KMRJ89975926067179,13962.68,Corriente,2018-11-23
9,708,GB89QVWT09085040832352,50994.19,Ahorro,2021-09-17
10,585,GB08OCQK87106445495512,95589.49,Ahorro,2020-06-04
11,323,GB38LMKW60298070128444,34893.57,Corriente,2018-04-10
12,903,GB36OICZ03284939906642,47953.65,Ahorro,2018-01-24
13,431,GB42PXFU66829889374461,34078.0,Corriente,2018-12-26
14,654,GB82ZHHF05463129349234,78255.57,Ahorro,2023-06-04
15,156,GB77FSGP34878131364666,32915.38,Corriente,2015-11-09
16,23,GB06WUPS44578022631076,52337.26,Corriente,2022-09-20
17,798,GB48GIKB36744629017912,50548.6,Corriente,2019-11-19
18,96,GB49ZYYG20307497995121,29260.17,Corriente,2023-11-13
19,564,GB15MVXN40308450575313,39509.47,Corriente,2020-02-05
20,599,GB90INHB13806388198937,27300.75,Corriente,2022-05-07
21,628,GB85WZSH91044982301429,52057.12,Corriente,2016-04-18
22,373,GB98JKGJ06061501222030,61755.98,Ahorro,2018-06-18
23,641,GB82FFPF77221803209833,87984.07,Ahorro,2015-02-27
24,474,GB76FYWK05163018582063,99699.97,Corriente,2020-03-23
25,811,GB03DNNR35844455125316,78696.71,Corriente,2016-12-17
26,970,GB18HIOS74528437300137,95116.86,Corriente,2015-11-03
27,699,GB50XOJY87293556520325,3661.35,Corriente,2019-01-07
28,509,GB21RFRV60902870782102,68045.39,Corriente,2015-05-10
29,401,GB28IXOA58052032432085,49104.88,Ahorro,2014-09-04
30,916,GB85JPBV52552138627848,53583.71,Ahorro,2015-03-26
31,823,GB45QVVK91153569998452,42383.47,Corriente,2017-06-20
32,576,GB68MGZE17993651983234,95313.5,Corriente,2014-07-01
33,512,GB90POFV64660994256300,27918.95,Corriente,2022-04-03
34,606,GB80XWOT18747469564875,76504.16,Ahorro,2017-02-26
35,855,GB48VTVY09211570268869,73918.55,Ahorro,2014-06-16
36,710,GB82FJYL56515884429104,18323.56,Ahorro,2021-02-10
37,375,GB24PFXW26419195841299,76399.72,Corriente,2022-07-26
38,653,GB78ZHGN61064546250190,97309.4,Ahorro,2016-05-13
39,437,GB73UZSR89464642575330,90549.08,Corriente,2016-01-14
40,132,GB57AOWX39837361264302,86162.89,Corriente,2024-02-12
41,529,GB36CSQX90006083976760,33952.33,Ahorro,2014-05-12
42,216,GB93DJCR23640135109967,45029.78,Ahorro,2022-11-07
43,183,GB64MXKA74765504186706,80268.86,Corriente,2019-07-27
44,679,GB35SGFH60589425154670,49351.66,Ahorro,2020-12-06
45,255,GB39IXSW29568404772547,89744.24,Ahorro,2019-10-20
46,151,GB55OCUV79840607352191,69322.8,Corriente,2017-02-18
47,402,GB51MTGX19113901713557,13971.48,Ahorro,2016-08-17
48,384,GB41XRWO60670600452483,83157.17,Corriente,2020-12-16
49,397,GB56ZWUO00311013500455,24623.29,Ahorro,2017-11-09
50,824,GB88YBJX81141461114039,2760.69,Corriente,2021-11-11
51,498,GB52EQYN83920050502831,82390.82,Corriente,2023-06-08
52,969,GB86KBJN51318157973402,63207.16,Ahorro,2022-07-19
53,626,GB16KKZF10591961309197,97070.99,Ahorro,2023-09-06
54,708,GB98SJZW71171470039036,93914.22,Ahorro,2017-12-10
55,255,GB34GIQK08975280803559,33239.66,Corriente,2021-06-07
56,776,GB69OXDE63075247122581,37365.84,Corriente,2016-11-15
57,193,GB59EBOO87309080117844,8286.18,Corriente,2014-12-18
58,743,GB03AACL04793597819528,97912.52,Ahorro,2018-04-26
59,702,GB05LSNB53750134024221,32198.62,Ahorro,2021-07-22
60,834,GB51FTXV44940865389553,10943.43,Ahorro,2019-07-24
61,356,GB50IXAF58430608166335,1316.38,Ahorro,2016-11-15
62,504,GB35MZQM54155495508434,19412.62,Ahorro,2020-02-06
63,783,GB32ZXUE03705485830834,77149.35,Corriente,2016-01-11
64,235,GB46IIYB69995758775193,87127.46,Ahorro,2023-11-25
65,902,GB95XUIY99608384464944,72445.14,Corriente,2019-04-21
66,88,GB97JZLS51330514326422,87901.48,Corriente,2019-02-10
67,479,GB13YJIU35476447773643,40087.69,Ahorro,2023-03-09
68,306,GB22NXXR67191163784630,12526.63,Corriente,2019-12-04
69,274,GB78RTYH71341662382231,10187.51,Ahorro,2016-10-31
70,518,GB29YQNZ93264972234901,37590.03,Ahorro,2019-11-20
71,738,GB34NRTP68939229069241,25079.54,Corriente,2020-06-18
72,595,GB59QJYZ75345684547425,8220.96,Ahorro,2019-06-13
73,683,GB53RHZV95891329144571,80251.64,Ahorro,2020-02-01
74,95,GB20LYDN29170508616417,94164.79,Corriente,2021-05-07
75,433,GB87XHTG30667353293325,77092.37,Ahorro,2019-06-10
76,881,GB71WVCQ40436147005277,19331.64,Corriente,2014-04-09
77,122,GB06XWHV91574166737192,53563.75,Ahorro,2021-06-10
78,993,GB82WPXX45438949040556,80595.81,Ahorro,2018-04-03
79,174,GB83GMOO09130426655378,77650.23,Ahorro,2020-04-23
80,801,GB86PYKB02216237727487,40671.42,Ahorro,2019-04-25
81,740,GB85ONNQ97561403600884,82599.62,Ahorro,2022-03-14
82,102,GB84YUGI49895745595991,7788.23,Ahorro,2021-01-10
83,345,GB26VEAE96343215273321,85242.39,Ahorro,2015-09-28
84,840,GB90PPWI58822405243649,58024.53,Ahorro,2019-08-04
85,477,GB40TPHY03407335967988,32796.37,Corriente,2017-05-25
86,670,GB34NIUQ11417542900269,51291.66,Ahorro,2018-03-30
87,634,GB81YGNU04924708721189,93287.68,Ahorro,2016-08-22
88,220,GB85ZMKC55441172541347,73313.35,Ahorro,2017-07-19
89,261,GB44FCIG88084795551594,91125.96,Ahorro,2016-01-05
90,997,GB27IUEE64896492438019,67272.03,Ahorro,2014-07-30
91,446,GB72PMCO21210055297640,29509.02,Corriente,2014-05-10
92,751,GB45UJTI14320614264744,82412.6,Corriente,2021-08-29
93,562,GB05LSNA92904561552639,39277.57,Corriente,2017-06-15
94,139,GB89IAIO72881744151463,11969.12,Ahorro,2015-04-30
95,112,GB35QWZY24310380943729,59686.54,Ahorro,2023-12-20
96,623,GB76ATDT99580267843347,87143.97,Corriente,2014-07-15
97,904,GB56UBJP22557274269139,58405.85,Ahorro,2015-06-03
98,687,GB66RLQP39407130976720,51376.36,Corriente,2020-02-05
99,324,GB34LNEI03392859903486,73957.31,Ahorro,2017-05-11
100,833,GB70DSAR42890936630169,45269.11,Corriente,2021-12-09
101,82,GB88XHOC07849498109209,6970.62,Corriente,2022-07-21
102,856,GB82EATP16037283239612,2104.12,Ahorro,2018-06-04
103,272,GB26MXPH62697017548478,67469.4,Ahorro,2018-05-16
104,984,GB58LQJD70168851080881,38337.37,Ahorro,2019-05-17
105,429,GB93BBKU00506294447106,50028.85,Corriente,2018-08-28
106,496,GB52SELL22161564598016,29243.76,Ahorro,2014-10-02
107,453,GB12CBMN46339431614772,47302.54,Ahorro,2017-09-11
108,160,GB67GTSD24002959354559,18096.94,Corriente,2018-06-14
109,82,GB77RAPB02145632389726,2386.52,Ahorro,2017-08-10
110,313,GB69UUDR95922012377901,1820.47,Ahorro,2018-02-09
111,928,GB78FUGF74752918009639,67943.6,Ahorro,2015-11-10
112,461,GB67DUOZ00595281079672,75009.68,Ahorro,2019-04-21
113,409,GB11ADVP83458565110656,72003.84,Corriente,2014-03-17
114,15,GB95LQQN27433383740068,15158.44,Ahorro,2024-01-23
115,567,GB64AYAD03200733703402,88783.19,Ahorro,2023-02-20
116,34,GB37BTSF30814290450855,31238.73,Ahorro,2015-10-28
117,780,GB94YKXU37946129351907,7664.53,Corriente,2019-07-04
118,619,GB53GGPF50540000426175,22038.84,Ahorro,2015-02-17
119,265,GB78TZEM96886695762659,71382.51,Ahorro,2017-09-24
120,97,GB81JSXB20411741967826,12779.44,Ahorro,2014-06-15
121,400,GB78YDAA92990056429756,19057.03,Corriente,2014-10-05
122,841,GB25RLWH97770916811745,78332.35,Ahorro,2018-04-09
123,599,GB54VHNS18954062309184,79239.43,Corriente,2019-11-28
124,374,GB16COWN06563681900190,40204.49,Ahorro,2022-07-10
125,466,GB78KOVD40608605823408,68266.02,Ahorro,2018-10-29
126,925,GB53DEQV46703857138094,59188.55,Corriente,2015-03-25
127,534,GB39IKAY62125799093417,14229.57,Ahorro,2014-10-23
128,902,GB80YAAJ72507284005440,35616.2,Ahorro,2016-10-24
129,256,GB87YXTI61930817464448,31997.33,Ahorro,2017-04-21
130,222,GB22CVHT50786031798811,68398.94,Ahorro,2016-04-17
131,438,GB92CQDR76974201571892,54952.34,Corriente,2015-01-24
132,580,GB44UPGI52032430288176,88961.76,Corriente,2021-05-21
133,887,GB74SZRD99160688132933,73683.97,Ahorro,2015-04-14
134,97,GB53SLBF48929941025088,22957.48,Corriente,2018-07-24
135,915,GB63MABW37182715671096,39534.71,Corriente,2014-07-29
136,134,GB05FRUD58251002089108,7929.4,Corriente,2019-04-18
137,502,GB03IKAJ59230604146757,21998.36,Corriente,2022-04-04
138,996,GB62NAVP59403943052644,35811.16,Ahorro,2016-07-29
139,854,GB93REMV38003477994590,55363.41,Corriente,2016-01-17
140,16,GB49HGOA51010679478518,9482.99,Ahorro,2024-01-10
141,92,GB87NJBC53038548535216,20274.48,Ahorro,2017-01-22
142,317,GB50WMMR10653379429656,10668.0,Ahorro,2023-01-21
143,974,GB40UTDI16634123639412,3887.42,Ahorro,2019-03-13
144,223,GB02MFCX93352063732068,85289.37,Corriente,2018-10-13
145,884,GB64QRHB08073518702314,92214.01,Ahorro,2023-02-07
146,561,GB31HCEQ84937515570219,87872.77,Ahorro,2016-10-03
147,803,GB13FYOS20683332825148,27220.21,Corriente,2021-07-01
148,590,GB46ZDIY28833853981311,17544.04,Corriente,2014-10-06
149,221,GB80CINQ05217729914757,14082.96,Ahorro,2023-05-28
150,371,GB14RTZT80153192679513,40876.63,Ahorro,2018-10-06
151,403,GB46RMFC13828428447082,45715.6,Ahorro,2014-10-24
152,781,GB85HBFN63433910048498,56761.53,Corriente,2016-01-21
153,98,GB08FJUC15505733936499,83293.86,Corriente,2014-04-20
154,504,GB80DQCR75346535220052,73318.58,Corriente,2014-08-08
155,74,GB51JAZH46076586042707,93453.48,Corriente,2015-11-10
156,459,GB44OJZW22848455731729,68982.37,Corriente,2017-05-02
157,627,GB14WTPR47951957495512,79540.28,Ahorro,2015-02-10
158,674,GB83PINA56033583790136,20502.52,Corriente,2016-01-28
159,265,GB66PJZQ96991515870485,48500.94,Corriente,2015-12-16
160,701,GB65OHRE00293820922350,73249.55,Ahorro,2014-12-29
161,780,GB44BCEC99279103894038,37469.0,Corriente,2016-05-29
162,809,GB09GGIA64209654093769,11019.82,Ahorro,2016-06-06
163,828,GB08TJSU19807740286700,51532.63,Corriente,2021-10-23
164,328,GB46DNMZ91033257944268,5990.33,Corriente,2020-09-27
165,340,GB44WAFA25866594521384,40186.97,Corriente,2016-03-23
166,293,GB98KPRQ51516636771976,14521.47,Ahorro,2022-11-20
167,147,GB53GMGA89346450151046,13949.2,Ahorro,2018-12-22
168,636,GB47CISR50854372030920,98663.87,Ahorro,2021-11-12
169,977,GB61IWJJ49767854483717,59674.37,Ahorro,2016-11-06
170,805,GB79SDKK57006778602266,37820.41,Ahorro,2020-02-25
171,160,GB59LZHA87714923604030,87429.6,Corriente,2023-08-27
172,586,GB12IYZF77295651735018,66787.39,Ahorro,2021-12-17
173,891,GB68MQAI34889148112787,54732.51,Corriente,2017-03-03
174,889,GB60FWEO87884310242840,88408.24,Corriente,2022-10-09
175,718,GB76BYQF59441345559198,59248.84,Corriente,2014-12-05
176,567,GB24PUTQ95491119419875,66029.75,Ahorro,2015-07-14
177,10,GB05DZNF38065265955012,26966.24,Ahorro,2021-01-04
178,610,GB42UXTM71364341343480,55622.46,Ahorro,2021-05-11
179,386,GB52HAEZ64826442118932,39195.96,Corriente,2018-11-04
180,413,GB20ERMG94201618594958,54632.25,Corriente,2016-03-16
181,850,GB40ADZZ54022601846047,65802.46,Corriente,2018-12-26
182,855,GB78PGIW01996744571103,90695.16,Corriente,2017-07-06
183,861,GB93QFMY82035920672452,34437.16,Corriente,2020-10-27
184,491,GB35LOVY46186557876461,88368.48,Ahorro,2017-07-13
185,943,GB33TMIE07951006440519,33570.16,Ahorro,2022-01-06
186,724,GB10LGMV28701654274492,61564.42,Ahorro,2018-04-15
187,751,GB74FCWN05224252652039,26906.61,Corriente,2023-03-13
188,245,GB09JOTD63010943720831,28127.73,Corriente,2021-09-25
189,72,GB70FBDF63331887018243,24242.5,Corriente,2023-12-04
190,857,GB60DNHG13495167774547,15199.65,Ahorro,2021-05-23
191,789,GB61UGLV43697295328909,54459.69,Corriente,2016-01-03
192,487,GB27BDBS48096779956378,87217.82,Corriente,2022-11-15
193,944,GB63HWFI34360332769302,59486.56,Ahorro,2019-03-21
194,745,GB74EEWR80021406246614,78455.82,Corriente,2019-07-30
195,13,GB66FPBI78487996140345,91930.37,Corriente,2017-12-03
196,769,GB17KWBU40537398750365,2372.64,Corriente,2020-11-19
197,323,GB69UMFQ13602952229141,71790.14,Corriente,2015-04-25
198,887,GB24FUSH33788677104200,51795.79,Corriente,2019-06-12
199,324,GB86JOHR63999179624678,87260.32,Corriente,2015-01-24
200,575,GB74QALG38200766078162,3002.18,Ahorro,2022-01-10
201,682,GB81OIDK06480161889620,38373.42,Corriente,2019-01-20
202,882,GB49PJEU23545778911433,45936.67,Ahorro,2022-10-15
203,113,GB67IQQE72116824722369,46714.06,Ahorro,2014-04-06
204,21,GB50OPIM84234326137980,92226.89,Corriente,2021-03-17
205,182,GB18UYIG64548434430302,38856.58,Ahorro,2017-02-21
206,253,GB21SNTZ40763837091526,49847.44,Corriente,2016-03-24
207,485,GB64TYOR67527742625607,4298.28,Corriente,2020-03-21
208,127,GB88ZXSO56950889502273,51949.08,Ahorro,2020-10-08
209,839,GB96CBWI07112228530375,30702.86,Corriente,2017-03-07
210,379,GB37FMAN78253261639085,18925.39,Corriente,2017-05-08
211,430,GB48DQQE65358109336706,69329.18,Ahorro,2016-10-11
212,163,GB91XXXV17557322744347,80777.22,Corriente,2021-11-24
213,747,GB70DEYD27575602667055,83023.52,Ahorro,2017-12-08
214,735,GB86RXCF62636232433925,76144.82,Ahorro,2023-02-18
215,354,GB97AIKK14918656369085,8478.8,Corriente,2023-06-05
216,406,GB16MHNZ03308814367078,75303.84,Corriente,2022-05-13
217,734,GB97KTOP29231421014800,3985.97,Corriente,2014-04-10
218,6,GB02MJZD03442391830048,90103.51,Corriente,2019-09-23
219,964,GB73HSCB72713161497589,44903.05,Corriente,2023-05-18
220,673,GB55DEHZ48638687484895,63328.36,Ahorro,2019-03-19
221,340,GB49KPFS82418123723848,35215.27,Corriente,2016-11-02
222,25,GB64BPZV71747885377831,14322.55,Corriente,2018-11-07
223,122,GB87VHCF90270699072731,26711.53,Ahorro,2021-10-28
224,490,GB95ZDZJ57949867212075,36858.75,Corriente,2014-04-26
225,484,GB34OCZS08276489436433,11013.39,Ahorro,2016-03-27
226,317,GB48REZV33437903766050,53343.46,Corriente,2023-02-23
227,633,GB60UZDG09809019024732,49058.91,Ahorro,2021-12-10
228,769,GB62IXPX24631240547822,13257.96,Corriente,2018-11-24
229,493,GB16EPOK22978964597535,11106.7,Ahorro,2021-10-17
230,884,GB30HROJ50189744200050,56002.97,Ahorro,2023-03-08
231,64,GB23KGXH77753531877513,61413.94,Ahorro,2016-01-05
232,448,GB10WLNU01219237846208,15472.18,Corriente,2014-08-01
233,551,GB45UWKI89621542815966,60409.17,Corriente,2018-07-25
234,250,GB94HDHC64184680986974,36881.88,Corriente,2023-07-14
235,231,GB27JXNI62396015572909,1398.75,Ahorro,2015-03-14
236,109,GB17EVCQ80496166603537,78533.94,Corriente,2023-05-14
237,867,GB82DMEQ39677538318339,2272.59,Corriente,2019-08-03
238,603,GB58OXMK34242866437649,59600.99,Corriente,2021-03-04
239,167,GB51SQJP22951875748637,76125.24,Corriente,2020-06-20
240,398,GB30HZKT54163057857519,50794.73,Corriente,2016-07-07
241,950,GB37FSZI80895365964834,29861.41,Corriente,2022-08-28
242,122,GB16JZXF51838193985998,58929.7,Ahorro,2021-04-30
243,640,GB54MFZB83418625216829,49086.44,Ahorro,2015-10-25
244,375,GB53BCFP27152814952074,92115.79,Corriente,2019-07-21
245,600,GB71OKVP23544495736808,49516.54,Ahorro,2015-01-25
246,343,GB89OYNO92789845167477,85920.86,Ahorro,2017-09-28
247,247,GB24LTYO72019911396175,29587.61,Corriente,2020-01-22
248,781,GB26DVBW89369467005099,68664.87,Corriente,2021-12-25
249,983,GB48VADM63976284074881,10132.56,Ahorro,2022-03-03
250,678,GB91JFOZ56374666272336,80194.3,Ahorro,2019-02-04
251,479,GB52HZCF88878771779414,74619.75,Ahorro,2023-09-18
252,514,GB70NAMI29580274915918,53926.34,Ahorro,2014-07-22
253,510,GB87OHBC77457638795835,8994.65,Corriente,2020-04-26
254,396,GB76ZLVD17457316614670,33006.76,Ahorro,2023-03-31
255,334,GB74PNCP88385431007768,77457.42,Ahorro,2015-07-22
256,394,GB78AOEZ17865781497600,95696.29,Ahorro,2017-05-07
257,407,GB27FAAV59959277357239,34313.96,Ahorro,2015-11-24
258,391,GB79MWKD59930974369509,1910.49,Ahorro,2022-03-29
259,714,GB56RWTZ66106800545116,70043.29,Corriente,2016-03-01
260,38,GB56QQHQ72802099143431,85278.04,Corriente,2022-04-20
261,106,GB33SOIC93744702065372,87744.7,Ahorro,2022-03-17
262,346,GB58SJSA69555994551438,73074.11,Corriente,2023-07-17
263,189,GB51MJZQ28063322318176,75638.07,Corriente,2023-03-23
264,761,GB08KPKA83380567888017,17506.14,Corriente,2020-05-01
265,759,GB89TWKG33122498216477,64330.45,Ahorro,2021-03-09
266,452,GB35YNFS55479808083916,84805.18,Ahorro,2016-09-18
267,431,GB63VSVB50591158709060,8312.09,Corriente,2018-12-08
268,351,GB53TDXZ85190387843842,16180.7,Ahorro,2023-10-13
269,416,GB27ZALK99842752082933,87832.35,Ahorro,2021-01-03
270,413,GB29ZPYV56650783919595,42740.79,Ahorro,2016-05-06
271,554,GB14HVKS35498794438325,77757.81,Ahorro,2021-11-09
272,81,GB82YYYI79886359802536,59544.1,Corriente,2017-10-24
273,141,GB97QFSG04865630471978,4292.48,Ahorro,2022-08-18
274,247,GB34MFII71202265211189,8854.73,Ahorro,2022-08-01
275,984,GB09RIDQ30050107644327,78707.84,Corriente,2020-06-15
276,173,GB76HKXZ36600514828762,21943.04,Corriente,2021-08-23
277,548,GB96TXLB55683841825193,70192.58,Corriente,2021-05-31
278,555,GB42BPXZ07439668859293,51826.27,Ahorro,2020-06-13
279,607,GB63BRCV87376895100611,88971.9,Ahorro,2015-08-12
280,146,GB39AXTN35493037293139,66814.21,Corriente,2015-07-09
281,103,GB24OYBN03118892698772,96473.81,Ahorro,2022-08-10
282,131,GB11CYYB22170814347825,84745.25,Ahorro,2016-07-19
283,409,GB48AIYJ27522029852758,73909.97,Corriente,2019-09-30
284,816,GB75HQTH83885042535660,8688.93,Corriente,2022-08-13
285,114,GB58AJLX01196011343563,88011.64,Corriente,2017-07-14
286,401,GB33RTKM75144828343756,24291.12,Ahorro,2022-12-12
287,46,GB76RPMP38102216270416,74123.74,Ahorro,2017-10-08
288,137,GB77THKI38365456417348,38300.51,Ahorro,2022-10-10
289,272,GB73EHHI71248350536023,63382.5,Corriente,2017-10-27
290,871,GB59WYBJ46089128077325,6880.67,Corriente,2023-05-17
291,40,GB41NAMM50058054133766,45121.82,Corriente,2017-11-05
292,136,GB97XBQP80449056676665,58511.65,Ahorro,2014-12-25
293,318,GB63PBYB19847969115876,11243.71,Corriente,2018-02-05
294,652,GB02GEKL51174993298677,35504.13,Corriente,2020-11-03
295,411,GB26EDCM87126204242264,94326.7,Corriente,2019-07-15
296,186,GB48WIZT94929133032157,84294.39,Corriente,2021-01-22
297,986,GB03JKCI10006756966114,90480.68,Ahorro,2021-03-26
298,761,GB15QIDZ05107109235770,39053.79,Corriente,2020-04-29
299,597,GB11YFPZ91501789507864,61008.77,Corriente,2020-10-03
300,838,GB06YYTX98200411287882,85971.68,Corriente,2017-03-28
301,568,GB60NVDO19894440889432,61506.84,Corriente,2014-05-19
302,66,GB52ZROW23410083923157,18254.88,Ahorro,2021-07-08
303,344,GB87VSWC45737557420068,20083.84,Ahorro,2020-05-01
304,201,GB77CWUD66172178069988,85808.95,Corriente,2020-12-17
305,490,GB17RZKU92064889957610,75796.55,Ahorro,2021-02-02
306,553,GB03UPQN37516156836986,21570.06,Corriente,2018-03-12
307,225,GB48QLDG67626418705892,57409.92,Ahorro,2015-05-25
308,740,GB22EGCB94148160695829,84337.22,Ahorro,2018-08-19
309,935,GB53IQIU60295680312883,83039.92,Corriente,2022-04-05
310,466,GB23SZCL35780855268526,89614.64,Corriente,2022-04-18
311,748,GB14LQMD75935937470810,46729.18,Corriente,2014-07-11
312,518,GB10TSXQ82761819429292,63382.03,Corriente,2015-09-24
313,699,GB37CSOX99227372801049,74351.1,Corriente,2017-07-03
314,170,GB88YHUE01189852515369,29255.61,Ahorro,2020-09-29
315,285,GB79MARR70997072202085,97354.36,Corriente,2018-08-20
316,460,GB52OZFD40959780996961,92110.08,Corriente,2022-08-11
317,672,GB61BLAJ14264300462830,27148.85,Ahorro,2019-08-23
318,378,GB53PCNN15124099150705,6853.08,Ahorro,2019-04-21
319,354,GB36XGFD47634852988027,69842.93,Corriente,2016-01-28
320,189,GB34EIZW56830775222092,31502.6,Ahorro,2018-07-25
321,572,GB80FFBS60828915223708,88755.85,Ahorro,2015-07-11
322,466,GB89XQDA35139545862417,49173.74,Ahorro,2023-06-24
323,541,GB96AYDM78848566643642,34168.41,Corriente,2022-01-05
324,33,GB59XANR60054154842659,46787.07,Ahorro,2021-07-08
325,280,GB88YWIZ98097667080050,73150.13,Corriente,2017-10-09
326,926,GB53HLBT23021887327031,52151.65,Ahorro,2016-02-12
327,175,GB69ZHVJ34586243981236,54083.31,Ahorro,2022-10-11
328,324,GB66HZDH43957791292727,84196.69,Corriente,2014-08-29
329,504,GB68UOTF08323237345522,93476.97,Corriente,2015-08-01
330,105,GB81JUYX87207110644730,16179.25,Corriente,2017-01-05
331,873,GB62SAIE56023466305142,85487.52,Corriente,2017-07-20
332,102,GB58YLHC18348101869986,60947.89,Corriente,2018-08-28
333,526,GB73QCGE87881949165825,15223.93,Corriente,2023-03-14
334,811,GB42BDBX98056049426460,43449.81,Corriente,2022-06-23
335,735,GB55EIWQ41437837440781,66090.66,Corriente,2017-02-24
336,243,GB05WSVU48702369177890,65855.86,Ahorro,2023-04-11
337,492,GB79OHPF14406616888409,13326.18,Corriente,2022-10-05
338,770,GB13QTNI01985847152647,20406.24,Ahorro,2021-05-12
339,678,GB84KBTF33325650695686,23899.44,Ahorro,2022-02-03
340,949,GB55UMLZ00593600448039,10463.62,Ahorro,2021-07-26
341,277,GB76IDZU00412847105034,22455.3,Corriente,2021-08-16
342,809,GB94BUCR65737531023186,70667.6,Corriente,2019-02-16
343,642,GB68AQHL91145709716725,69648.24,Corriente,2022-03-27
344,598,GB43PHTN82658618530679,44655.15,Ahorro,2021-11-23
345,731,GB68JYEF69046283218601,69090.31,Ahorro,2019-12-27
346,558,GB11KLUS86786988142848,74902.53,Corriente,2017-08-29
347,624,GB84QGGA47472107619477,31284.97,Corriente,2019-12-27
348,967,GB35YHFS96971515575558,15155.43,Corriente,2021-01-19
349,957,GB57CLTF11126853297932,14304.83,Corriente,2016-08-12
350,745,GB46RWOS24085636618403,49901.63,Ahorro,2021-11-23
351,126,GB13XLUQ95823876382778,55416.27,Ahorro,2024-01-09
352,994,GB28XUWX15902620739899,44912.67,Corriente,2015-03-18
353,314,GB33CCJJ03684770036086,26233.61,Corriente,2023-09-21
354,627,GB84MNCQ54671106794302,70226.02,Corriente,2017-03-18
355,966,GB47SKFV88096603058473,9084.42,Ahorro,2018-09-24
356,652,GB07EQNW82923508715110,54608.75,Ahorro,2015-03-20
357,962,GB41HWKN29064451919202,66364.04,Ahorro,2015-01-03
358,19,GB13XPPR97917872080925,1657.04,Corriente,2022-12-10
359,984,GB64YWCP01750736477329,19558.57,Ahorro,2016-05-22
360,0,GB43QRNK88175026865963,71161.55,Corriente,2023-08-09
361,258,GB34OZUA38476962126004,20350.32,Ahorro,2018-07-25
362,431,GB33ZVKC71289405016147,37822.38,Ahorro,2015-04-27
363,912,GB91PGBP22932130343192,55823.88,Ahorro,2015-03-18
364,32,GB88TAIQ33092408645290,51558.26,Corriente,2022-01-14
365,286,GB37OVQM98787926254451,32645.63,Ahorro,2020-04-08
366,115,GB49TGON19164291843178,56163.55,Ahorro,2019-10-26
367,456,GB28MRNX86361316534786,86920.35,Ahorro,2016-01-18
368,633,GB77NSUE04798205715995,80519.47,Ahorro,2020-06-27
369,110,GB24ZUCT87749391536826,61763.46,Corriente,2020-02-07
370,368,GB11BBMU23203292429728,18795.76,Corriente,2022-01-28
371,200,GB74FUUW28877855209162,32174.89,Corriente,2021-02-17
372,438,GB70PCPW47889803041973,88285.17,Ahorro,2022-01-27
373,738,GB88FNGR35930610087283,15377.41,Corriente,2021-11-29
374,603,GB37XNRM72559391635483,43199.65,Corriente,2015-12-16
375,795,GB74JSBC68967179265800,25416.03,Corriente,2018-09-14
376,179,GB13RFGB67084292043490,38915.49,Ahorro,2023-06-05
377,506,GB08ZCOJ73881787721902,99010.15,Corriente,2014-06-16
378,845,GB37HESR62236825872114,89220.84,Ahorro,2019-07-24
379,151,GB73MAUE94742749677275,88195.71,Ahorro,2021-06-21
380,732,GB08ZHSY10431368133451,83870.17,Ahorro,2016-09-20
381,440,GB46MHLJ91691400269989,16546.03,Ahorro,2021-08-13
382,401,GB93ATPJ72162040839686,37315.54,Ahorro,2021-09-30
383,713,GB30KVVJ38256378237218,34972.92,Ahorro,2022-09-03
384,641,GB65FCMJ76241498579213,37496.43,Ahorro,2017-09-14
385,886,GB80WBXY06375086616549,99518.9,Corriente,2018-07-01
386,131,GB52NWPJ96522857323947,32132.64,Corriente,2015-10-24
387,434,GB78JTZM16645520028275,46959.37,Corriente,2018-04-02
388,816,GB63EJPS03638041280603,82765.77,Ahorro,2014-06-29
389,989,GB28OGPN58541636417032,26864.93,Corriente,2021-10-12
390,232,GB32JNGJ04950088422711,53258.95,Ahorro,2018-03-02
391,681,GB26SVMD84812803800968,74770.08,Ahorro,2015-10-20
392,659,GB58DMXL49782136626700,69954.4,Ahorro,2019-05-07
393,891,GB88FKAO80668611311798,57406.63,Corriente,2019-01-17
394,692,GB39DUAV10297590803740,79021.76,Corriente,2017-08-04
395,776,GB30MZCE71241348038979,91737.49,Ahorro,2020-08-30
396,889,GB91GPJH45055845826087,84959.43,Ahorro,2023-03-21
397,41,GB18JMQG19420486145681,3935.05,Corriente,2015-05-05
398,567,GB28HEHW61422324553153,82645.99,Ahorro,2023-01-22
399,947,GB22IITY63930088011071,15579.81,Corriente,2017-05-11
400,785,GB81NYLE05369409543973,10359.52,Ahorro,2015-04-15
401,827,GB84XHBM20960077441159,58093.6,Ahorro,2018-08-25
402,984,GB27SIMJ45160017510442,97026.94,Ahorro,2019-08-06
403,693,GB62FEVZ18954332852405,33425.12,Ahorro,2014-05-03
404,266,GB36DIMT86154882025088,89143.25,Corriente,2015-09-26
405,435,GB95JWAC69926524510424,52328.9,Ahorro,2017-01-07
406,661,GB46TUQQ64464277633691,73907.57,Corriente,2017-11-12
407,800,GB55VXOP99832291197188,15880.22,Ahorro,2014-11-22
408,657,GB79DUCH37072333312477,24462.99,Corriente,2015-11-11
409,916,GB93YNFC93687943619153,16238.84,Ahorro,2021-12-09
410,380,GB98DDDG86812660082715,30827.97,Ahorro,2017-03-16
411,456,GB69MLBU77405435413371,3223.44,Ahorro,2020-11-24
412,342,GB71RXHF43509951031449,72082.66,Corriente,2019-10-30
413,328,GB27QQUH59706186232101,99550.78,Ahorro,2016-08-28
414,195,GB71SILX64361069702512,29959.47,Ahorro,2014-06-29
415,885,GB54ADVS43192054388316,43047.74,Ahorro,2014-03-28
416,741,GB42DCEI24119095838123,16520.6,Ahorro,2019-10-05
417,437,GB86HTCL97211765832254,89450.76,Ahorro,2014-04-16
418,132,GB70JAIM39340272128754,61687.62,Ahorro,2019-09-01
419,503,GB76BYYZ32564293122333,24734.94,Corriente,2018-12-26
420,321,GB51PEJS53092792055751,37470.6,Ahorro,2018-12-11
421,511,GB89LCDZ51443716351403,62683.44,Ahorro,2017-08-10
422,869,GB54GUHI35426372845660,4033.59,Corriente,2015-12-01
423,88,GB06KEXA54855679100904,35724.34,Corriente,2018-08-26
424,993,GB52QHJR02320664784692,56902.12,Ahorro,2018-01-17
425,398,GB21TQIQ27633275343352,62893.52,Corriente,2018-07-28
426,710,GB21MKWU00029728008913,91523.72,Ahorro,2020-02-20
427,377,GB71BVGT66834065713525,55772.74,Corriente,2023-06-21
428,312,GB58PIRW69586586223335,33117.86,Corriente,2018-07-24
429,20,GB47HPVZ54730188598772,1458.37,Corriente,2024-01-01
430,891,GB72KMMI07196703556960,16304.52,Corriente,2017-05-09
431,100,GB09IYDC15298182796779,51575.55,Corriente,2018-04-14
432,60,GB97BUVQ64707048502009,76807.3,Ahorro,2018-08-02
433,167,GB60YVBD90070875716496,89598.05,Corriente,2017-11-25
434,160,GB17IOCF43260403999030,98190.66,Ahorro,2015-12-23
435,623,GB22LIJW14308359617813,16643.36,Ahorro,2016-07-19
436,457,GB27GHTQ57139996483701,59770.41,Ahorro,2018-12-01
437,886,GB64YTVC03583418425893,50957.92,Ahorro,2019-08-20
438,21,GB96WWJL96507966904077,86780.55,Ahorro,2015-06-02
439,401,GB69AVTP99069190941799,14716.68,Corriente,2015-02-16
440,216,GB22CNBP59339408905362,70910.05,Corriente,2022-06-09
441,746,GB77MBTJ85029438513963,29602.65,Ahorro,2016-08-23
442,116,GB09CHGO62142400655296,62945.68,Corriente,2018-05-26
443,768,GB51POYO27654247786989,28442.15,Ahorro,2022-05-21
444,331,GB22SVOY30100531829690,31941.47,Ahorro,2017-08-25
445,817,GB29KLZE06537886784020,77433.89,Ahorro,2019-10-20
446,116,GB61MOLS30011313228462,62794.15,Corriente,2020-03-23
447,499,GB45LMFN97146364629855,91892.63,Corriente,2019-10-15
448,340,GB22XBTC69403597216818,64397.96,Ahorro,2016-01-18
449,679,GB20QZTZ85687262614567,84541.87,Ahorro,2018-11-18
450,415,GB65ULPA18859092911316,80817.27,Corriente,2023-10-11
451,69,GB21WWSG23383047311678,3857.69,Corriente,2019-11-03
452,937,GB49YSLY30741278251947,70847.77,Corriente,2015-08-09
453,115,GB39TNWL73513205023740,59563.2,Ahorro,2017-05-28
454,600,GB07LICF05139383960101,58496.25,Ahorro,2015-09-30
455,180,GB98IBJS25857325965473,87802.83,Ahorro,2023-09-10
456,426,GB91VLQW32925616851715,93233.13,Corriente,2014-05-22
457,615,GB35DTQJ66504303014689,54195.64,Ahorro,2015-03-11
458,20,GB50QWCA43058352393386,67136.71,Corriente,2017-04-18
459,717,GB16NQXN85956934503979,62836.08,Corriente,2019-11-27
460,306,GB65FKKR54682066947869,64466.55,Ahorro,2016-08-11
461,915,GB64OBZW87222802707184,16517.41,Corriente,2015-02-09
462,772,GB14VPWG83977711192655,70452.11,Corriente,2021-06-28
463,278,GB57WKGX14892298717242,59994.83,Corriente,2023-05-26
464,217,GB38BWZN61328921196225,9172.9,Corriente,2018-09-16
465,809,GB55KWLL60166286861758,81776.48,Corriente,2022-04-24
466,632,GB39OVJW90927089496240,83985.06,Corriente,2022-04-23
467,237,GB39ZLQE74750972490397,83705.99,Corriente,2014-06-03
468,99,GB70HSUW03177789266653,66897.55,Ahorro,2016-07-15
469,278,GB58CZTW16697020747316,33905.36,Ahorro,2015-10-18
470,945,GB04ESNZ89262807931220,78050.16,Corriente,2022-02-14
471,857,GB55KMYV03013465577508,11609.55,Corriente,2023-12-26
472,244,GB79OMWS76344044369927,90022.35,Ahorro,2023-01-21
473,620,GB08LMCG65552676760606,65235.19,Ahorro,2020-12-25
474,688,GB29XRBY67938911679373,76689.01,Corriente,2019-03-19
475,790,GB35SPNA94835969907708,71147.6,Ahorro,2016-05-04
476,494,GB68WKNX75114627251949,29120.88,Corriente,2016-07-09
477,803,GB91JYQU01159828668352,41304.14,Ahorro,2017-01-23
478,490,GB15JFCF93672437744330,76727.34,Corriente,2021-08-03
479,965,GB74GHHP82127346920758,37581.9,Corriente,2023-02-24
480,234,GB61OXLM99730277996503,22977.84,Corriente,2015-12-03
481,957,GB40IEPX58722782542800,30230.04,Corriente,2023-09-04
482,160,GB29PVMC55974212541291,48600.93,Corriente,2017-08-10
483,131,GB82UFXC95519888641759,81820.62,Corriente,2017-03-24
484,482,GB27LKIR80874009701681,47739.22,Ahorro,2021-06-13
485,936,GB37EEDW17984259588163,68410.69,Corriente,2018-01-27
486,902,GB52BXEI31569869522543,56023.17,Ahorro,2018-07-25
487,235,GB09REVZ90175961734905,12497.54,Corriente,2017-07-23
488,83,GB45NPFR51875525539444,64582.28,Corriente,2014-04-19
489,656,GB80JCOR09774417155693,86558.06,Corriente,2022-12-21
490,505,GB30DIUZ86896275596185,29333.56,Corriente,2021-11-29
491,169,GB21LRNX49767867184756,72166.89,Corriente,2019-01-11
492,646,GB20CXUV85045196174606,76284.28,Corriente,2016-07-09
493,174,GB11ODYW00124964482992,85642.8,Ahorro,2019-10-04
494,661,GB85UEHV99320298130096,60487.96,Ahorro,2023-06-22
495,856,GB81GPSK32602175413151,87642.02,Ahorro,2022-01-02
496,775,GB30NBVO28861765465239,3982.13,Corriente,2021-04-15
497,197,GB63VSHO15693784002889,53467.6,Corriente,2014-07-10
498,124,GB23WCVH80693554613382,86219.76,Corriente,2016-10-24
499,177,GB94JEXC03257751456912,25946.16,Ahorro,2015-01-29
500,580,GB73ZNRX35712390844666,99101.77,Corriente,2022-06-09
501,290,GB47OKBW01236579027479,26736.03,Ahorro,2023-02-08
502,440,GB71UHUL06321222120856,36583.79,Corriente,2015-09-23
503,914,GB46SVKN73170042371610,89862.58,Ahorro,2023-10-28
504,531,GB23QSCK04150867053083,67974.23,Corriente,2022-08-21
505,226,GB61MBGE00846815939552,65947.37,Corriente,2018-08-12
506,400,GB82CIGS64326796757883,95804.7,Ahorro,2015-09-21
507,548,GB31HBRM40591154944856,53228.01,Corriente,2021-08-10
508,530,GB04EYRZ83966538706388,32902.95,Corriente,2022-04-13
509,366,GB90DGGX13508617637912,96928.61,Ahorro,2021-10-03
510,364,GB03KQZP93914093297659,69126.24,Ahorro,2015-04-26
511,58,GB28WUFA01530857352270,62566.51,Ahorro,2016-06-28
512,585,GB31NZSE67528644920700,39462.06,Corriente,2021-12-26
513,177,GB91OGTW59271011943929,98816.15,Ahorro,2020-12-06
514,791,GB82JDNX58210673588919,3079.08,Corriente,2016-07-16
515,165,GB96ZNPA77316177224256,96668.37,Corriente,2015-05-12
516,893,GB82PMIZ96193552557043,48143.58,Ahorro,2018-08-05
517,508,GB67FHGF89732364302429,62413.34,Ahorro,2021-02-06
518,189,GB94VMCE28429723884932,16465.55,Ahorro,2016-02-18
519,108,GB78ZDSI71340890807948,17166.61,Ahorro,2015-11-01
520,938,GB61GOBO66646019851376,97140.96,Corriente,2024-01-12
521,753,GB88LMOO01610848197802,73220.98,Ahorro,2019-05-17
522,60,GB20UDCW89242356485890,73669.04,Corriente,2023-12-01
523,952,GB94BJYM23888153255084,43542.64,Ahorro,2022-06-16
524,327,GB66KMYY61751119350630,70124.82,Corriente,2020-05-30
525,578,GB22YCSH16857562537516,69046.49,Corriente,2017-07-16
526,457,GB84QUCN99338124870517,75814.06,Ahorro,2016-06-02
527,259,GB85FHDE09811001212967,97548.65,Ahorro,2016-12-21
528,665,GB11FQWI34763579551904,27377.75,Corriente,2018-05-17
529,219,GB68JSHV27047606002702,69726.73,Ahorro,2019-06-19
530,478,GB92JVAM06897093654044,34287.14,Corriente,2020-11-25
531,195,GB16LACO46857071570820,8582.77,Corriente,2019-02-07
532,233,GB17GSPZ46421572091166,2857.53,Corriente,2020-08-19
533,848,GB81ZSLE71302913049821,21304.1,Corriente,2016-07-09
534,889,GB74IHXJ47879534355507,85187.41,Ahorro,2019-11-26
535,629,GB62UBZL12261486482417,55805.87,Corriente,2017-11-17
536,573,GB19NINA46434750384142,47887.63,Corriente,2023-04-02
537,700,GB53XDYJ30563081635086,81352.69,Ahorro,2018-12-22
538,429,GB83WIDT13962757185908,45140.29,Ahorro,2017-11-04
539,271,GB22DEKX24310024818302,42067.77,Ahorro,2021-04-29
540,404,GB42QFMA35212056671798,69614.16,Corriente,2018-02-25
541,785,GB82YAYV23603006311448,39089.56,Ahorro,2017-04-27
542,15,GB81MHIW75530267324117,57765.17,Corriente,2017-11-27
543,824,GB53NVFO02002231262581,36163.19,Ahorro,2016-09-30
544,702,GB88FNLL66257932770684,85197.44,Ahorro,2015-11-25
545,243,GB76GQQX70305170987982,11350.93,Ahorro,2018-09-24
546,687,GB23JAHO01246779075470,19839.27,Corriente,2015-07-20
547,30,GB63ATGF13043718955980,72781.93,Corriente,2022-07-14
548,960,GB11OEHY20565580101089,88955.81,Ahorro,2014-06-07
549,26,GB16LLYA53312284371449,99916.29,Ahorro,2020-12-05
550,881,GB43STLM86140816396410,25802.79,Ahorro,2018-11-24
551,710,GB69NPLG92485049809665,89081.12,Ahorro,2022-08-07
552,860,GB59TIJU11720409624935,49097.82,Ahorro,2016-08-30
553,38,GB71IFUK78608288052794,10791.65,Corriente,2022-11-19
554,444,GB11IKSV07481822445284,21276.6,Ahorro,2018-01-29
555,785,GB90XVUX80306258021616,37151.15,Ahorro,2015-01-25
556,330,GB58PQXY51033043377273,28476.29,Corriente,2014-12-13
557,630,GB55ZXHM44417671688119,72602.27,Corriente,2015-05-30
558,765,GB59HUGC10970347800109,82606.72,Ahorro,2019-11-05
559,861,GB56UTJK93004791277340,73199.15,Ahorro,2022-04-22
560,569,GB12OCCM30379360762016,43399.12,Corriente,2020-10-02
561,670,GB11BPTM09828429996699,76722.02,Ahorro,2016-05-21
562,352,GB79UGJV55140029527762,33780.04,Corriente,2017-01-27
563,454,GB82WNBP70021435974629,16808.97,Ahorro,2014-08-02
564,923,GB86JPOQ77940424238368,82599.12,Ahorro,2023-01-17
565,334,GB93HXRK63784791686602,1302.79,Ahorro,2017-02-19
566,927,GB91YKBP17568745132948,92266.79,Ahorro,2021-10-08
567,715,GB29SOZB83446744223806,32990.16,Ahorro,2023-05-06
568,907,GB25IKND64457837497110,7052.18,Corriente,2019-01-23
569,28,GB25XZVW49483341879691,46435.47,Corriente,2021-06-14
570,841,GB70RJXB01768373446196,55738.58,Corriente,2018-04-30
571,221,GB67IJFD67334487260937,89680.55,Ahorro,2021-10-04
572,287,GB73PIMN40834777502034,20915.92,Corriente,2019-09-01
573,562,GB15CSET86526261492536,66196.01,Corriente,2020-01-25
574,763,GB39RXUX60560392420880,15374.42,Ahorro,2020-10-23
575,507,GB85XHCI08651533679190,97215.99,Ahorro,2016-03-15
576,794,GB51XUMS59694535525989,62914.57,Ahorro,2021-10-21
577,726,GB56TUQG71874276365541,38063.01,Ahorro,2017-11-15
578,903,GB80AORR29049728496851,66082.97,Corriente,2017-10-16
579,931,GB46MIYA59714634554683,47777.57,Ahorro,2023-03-07
580,249,GB18UJNB86901862178984,7066.3,Ahorro,2020-05-01
581,514,GB67NPRJ82623926848229,79649.33,Corriente,2018-12-29
582,725,GB46CZIQ61049445001015,10204.82,Ahorro,2017-08-13
583,329,GB65MFPQ19789077234545,57818.98,Ahorro,2019-07-13
584,811,GB67BCHJ30650412519667,75898.33,Ahorro,2022-09-20
585,376,GB93ITYG29876229458588,66747.59,Ahorro,2015-03-10
586,155,GB10SXOB85564980113150,37605.17,Ahorro,2021-02-09
587,829,GB18EUIY66410470078308,5031.96,Corriente,2016-03-18
588,181,GB92WXMX04476932257582,27065.61,Corriente,2019-11-11
589,171,GB27CFRG18952199216036,45969.74,Ahorro,2016-07-30
590,168,GB48HKIB61088873886045,15643.32,Ahorro,2021-08-26
591,506,GB47OVSW90529533650439,39543.86,Ahorro,2014-11-10
592,173,GB42CBPU73713390430578,61457.38,Corriente,2020-09-08
593,803,GB09XILF10185332544392,41958.75,Ahorro,2017-01-20
594,173,GB05PARD75669756397455,30487.17,Corriente,2023-11-26
595,877,GB29NGJV30822211828144,16412.38,Ahorro,2018-04-29
596,629,GB51TQNG60058814491200,96045.22,Ahorro,2023-02-26
597,825,GB61LOAV50903591035412,99607.63,Corriente,2014-10-17
598,222,GB02ZUAJ82825824020712,20005.99,Corriente,2017-11-05
599,721,GB66KJST95093395956551,79819.16,Corriente,2021-10-22
600,796,GB82HHPU81442489260694,2750.44,Corriente,2022-03-08
601,314,GB17ZMBD47063873375993,33609.54,Ahorro,2018-03-28
602,165,GB71LFRU23183302321641,72172.49,Corriente,2016-03-05
603,276,GB27LOSI84689740033367,62486.01,Ahorro,2019-07-14
604,105,GB11EJWZ94431787911040,84305.12,Corriente,2015-03-15
605,261,GB16KVBG60542773680167,25413.91,Ahorro,2023-04-30
606,49,GB11XXKN45551905472351,73753.62,Ahorro,2023-11-20
607,779,GB34BIDV89886817648265,48847.59,Corriente,2018-02-15
608,372,GB15LJNL69513670062688,70191.62,Ahorro,2023-05-23
609,916,GB84KZAG00030134019753,2239.89,Corriente,2022-09-29
610,211,GB92VGAU26765646069754,42979.0,Corriente,2018-08-23
611,92,GB29NWVK29103899475131,48462.64,Corriente,2016-11-16
612,862,GB55IJNE44241644781082,97611.66,Ahorro,2014-12-05
613,395,GB63YXFE33969328298235,31434.88,Ahorro,2020-10-25
614,964,GB95DXQK21785013823967,88198.66,Ahorro,2018-08-30
615,192,GB11XLCV65269226431154,82825.73,Ahorro,2015-05-05
616,602,GB13YCGE66841565081226,69728.56,Ahorro,2021-04-26
617,39,GB10FLKJ40207683566041,3691.25,Corriente,2021-01-07
618,217,GB78MPUC97750339963636,48909.91,Corriente,2017-04-14
619,293,GB59NJCE01529881709183,75609.62,Ahorro,2018-01-18
620,934,GB35OMKX70373979588737,4995.33,Corriente,2016-10-27
621,436,GB53EPPS20391455959014,42642.84,Ahorro,2021-08-05
622,847,GB03SJDY67044225366738,37260.72,Corriente,2018-02-09
623,387,GB95IZYP66666196699432,65874.86,Ahorro,2022-01-21
624,711,GB81FCVJ80513771912591,50295.43,Ahorro,2017-03-15
625,725,GB87SISR46935234437119,6519.22,Corriente,2019-05-23
626,715,GB75FNRT46178800206818,47409.85,Ahorro,2017-05-25
627,722,GB08AALE70919860845985,95014.86,Ahorro,2018-01-01
628,471,GB50GKWJ73510568908923,59098.2,Ahorro,2020-06-30
629,92,GB52LBUT81615258253329,72490.25,Ahorro,2021-06-19
630,136,GB15DPVR22672484760350,1624.81,Corriente,2014-12-14
631,699,GB55XCSA27544772279694,57244.93,Corriente,2021-07-22
632,42,GB89YBJU43336592050914,58251.87,Ahorro,2019-07-30
633,748,GB26GJEL76511857375951,40320.69,Corriente,2017-10-03
634,532,GB34PPGJ87272539476605,83073.59,Corriente,2017-01-12
635,692,GB66INQY55199170878706,99060.24,Ahorro,2022-07-10
636,71,GB91GYQK74377291631216,28838.02,Corriente,2019-12-04
637,695,GB65PFZM91208804511452,93567.5,Ahorro,2014-08-02
638,372,GB59PEOB31999156333953,46579.31,Ahorro,2024-02-12
639,179,GB45TAIN37996586797303,40701.02,Ahorro,2023-05-06
640,822,GB77WJLK07772280364336,89185.95,Corriente,2014-09-15
641,301,GB40OONS99405619455177,23378.91,Ahorro,2019-01-19
642,672,GB04GYWR85517697528467,48425.92,Ahorro,2021-01-03
643,945,GB43DKVE41405419661156,64280.85,Corriente,2019-10-16
644,588,GB57VCBG16377487022669,58705.33,Corriente,2022-07-15
645,250,GB31ZXKU95809979175934,68653.03,Ahorro,2021-01-25
646,159,GB22VBEY46893262931749,55471.12,Ahorro,2018-12-01
647,317,GB10LZGM45978172163197,16363.63,Corriente,2015-01-09
648,404,GB43JTVF56363741911323,88434.73,Corriente,2019-05-27
649,694,GB40PCKA44102861753860,22900.72,Ahorro,2020-05-18
650,777,GB59YONI22603499706223,76421.79,Corriente,2020-03-23
651,527,GB97QUQT67118842593690,54736.98,Ahorro,2021-02-24
652,932,GB27MUZS29989911261550,96372.42,Ahorro,2022-01-16
653,226,GB55PXRY62087550159823,6492.79,Ahorro,2022-02-09
654,80,GB14COVU58435437438971,18654.67,Corriente,2014-10-21
655,326,GB04TRTI73997199532059,13804.1,Corriente,2015-01-12
656,738,GB95RYGN25125195380475,87898.88,Ahorro,2020-05-01
657,372,GB69IMUX50537777993990,29228.15,Corriente,2017-01-01
658,995,GB13FANZ52502651196587,24916.18,Ahorro,2014-09-21
659,813,GB51FGHQ32768770820990,50106.17,Ahorro,2024-01-14
660,292,GB46RKLT35662284823892,16190.82,Corriente,2016-04-26
661,216,GB50CGSC69210773526570,26006.53,Ahorro,2022-12-28
662,908,GB88JFYJ54721868048371,51537.24,Ahorro,2022-12-03
663,856,GB34UNYA73481151027732,23632.44,Ahorro,2020-10-02
664,582,GB09ALVK43367407600046,22967.9,Ahorro,2020-01-09
665,542,GB98JZMN24382416155399,30525.77,Ahorro,2015-07-10
666,484,GB76ZSVZ13288732133750,88673.99,Ahorro,2017-08-22
667,687,GB48HODQ82270614122539,62850.51,Corriente,2019-04-26
668,606,GB08VOHU68270898230821,85039.36,Ahorro,2020-01-31
669,925,GB42SCIL67199772142717,59117.55,Ahorro,2017-01-03
670,659,GB25CAAC66460410136592,59120.44,Corriente,2021-12-10
671,348,GB14YMJK51047109652596,80455.92,Ahorro,2023-06-08
672,809,GB43DEQK80865080948998,5768.32,Corriente,2017-12-26
673,652,GB29WEDD84247875329624,16708.07,Ahorro,2023-09-11
674,677,GB15CFKR15678890619744,35761.34,Corriente,2014-04-01
675,199,GB43KZAN85491135491474,85237.71,Ahorro,2022-06-13
676,815,GB13XLVR57752430541027,41771.9,Corriente,2021-11-22
677,646,GB58LFZD17962284561778,90954.8,Ahorro,2016-03-25
678,355,GB34FIZC18422672141819,29410.82,Corriente,2022-09-13
679,544,GB23BYCG24045384595401,92908.27,Corriente,2020-01-26
680,784,GB13BBKZ06679668527643,7034.0,Ahorro,2020-06-22
681,312,GB12XBFN12077907669920,55583.71,Ahorro,2021-12-07
682,429,GB03NPBS14815459574294,42550.21,Corriente,2023-12-14
683,309,GB84GLTX28016778108473,51967.64,Corriente,2020-01-08
684,679,GB24ZQFZ71409744933715,54986.12,Ahorro,2015-10-02
685,882,GB23THWU54621519606816,18635.77,Corriente,2014-09-06
686,411,GB56FTDK97082479925549,83436.39,Ahorro,2015-04-27
687,420,GB11BOFP98870136374850,96182.9,Corriente,2020-09-22
688,226,GB96ZMBX87305972571876,26003.05,Corriente,2017-07-12
689,46,GB51SLWM40155202575393,22369.63,Ahorro,2015-11-15
690,720,GB31UOCH62621664143422,94469.9,Corriente,2014-11-30
691,931,GB58UVHX63123273719748,94908.59,Ahorro,2020-03-04
692,401,GB79RFNX71914699043294,48999.59,Corriente,2017-01-11
693,535,GB15AXSC05343252072105,3753.68,Ahorro,2015-09-23
694,758,GB65OXVG73399321725419,58194.49,Corriente,2022-01-12
695,282,GB29LMEK97764748081392,92719.76,Ahorro,2017-01-18
696,731,GB52WNVV05290743778785,17176.96,Ahorro,2020-09-07
697,462,GB53DKBP96054947121218,94607.63,Ahorro,2023-04-25
698,976,GB52ABQJ14409707983939,30104.54,Ahorro,2016-12-24
699,854,GB47LSZZ10992895343248,30368.52,Corriente,2015-01-06
700,70,GB48AULM88511155469414,24161.61,Corriente,2020-10-22
701,643,GB24IRXC43666440047902,49487.94,Corriente,2014-08-04
702,634,GB44AOMV57038127711454,64343.37,Corriente,2020-04-04
703,392,GB80MYOZ73548882459689,41791.34,Ahorro,2023-05-24
704,430,GB81VRLN50323384227886,45646.3,Ahorro,2022-06-23
705,488,GB45HEBI62810428056985,65565.33,Ahorro,2021-11-13
706,427,GB90WRLT28696794268313,43591.37,Corriente,2021-04-22
707,743,GB12JRGV36470019446810,31245.33,Ahorro,2022-05-21
708,252,GB21GNON44756111865126,72411.64,Corriente,2015-04-06
709,175,GB02KQDT57523804940455,93959.26,Corriente,2018-08-09
710,466,GB42JXSH29246269973951,86085.28,Ahorro,2019-10-15
711,759,GB95GREF87927094964550,16411.68,Corriente,2015-09-02
712,169,GB45JFLO60245304172366,11321.84,Corriente,2019-05-03
713,904,GB87CJVY61331154187793,74608.5,Ahorro,2014-09-22
714,192,GB96VRGP89542924872659,75437.47,Corriente,2017-09-08
715,239,GB79OLNF57253095604305,55323.66,Ahorro,2018-04-09
716,564,GB59UYQM74769873982444,4459.69,Corriente,2016-03-27
717,976,GB76ITFX64822033128153,97762.67,Ahorro,2017-04-22
718,138,GB24ATRX89317249869233,29702.54,Ahorro,2018-01-22
719,596,GB11AIZJ89490814457869,67572.19,Ahorro,2018-12-20
720,284,GB41NSLV60290316632618,22290.19,Corriente,2015-05-10
721,868,GB65GEPJ42671182260496,32905.13,Corriente,2021-09-13
722,196,GB26MEOH81336275404530,8085.65,Ahorro,2017-06-19
723,897,GB98RDML51944325748135,4648.07,Ahorro,2017-08-09
724,288,GB69IGKC84545131787269,28111.81,Corriente,2021-11-06
725,994,GB38KDXV22477866433657,76511.68,Ahorro,2019-04-14
726,317,GB88TEZJ35299793915875,43086.25,Corriente,2021-10-02
727,139,GB15IRWL25770228176837,53814.89,Ahorro,2014-05-25
728,657,GB27QQLO20160805511472,40419.57,Corriente,2017-08-13
729,554,GB26AAFD84113024709607,73433.9,Ahorro,2015-03-20
730,57,GB23DQJP55289900600475,79058.36,Corriente,2015-07-28
731,399,GB11EZXY40192891155205,30911.7,Ahorro,2021-12-20
732,417,GB98KHIT63411316724557,64156.31,Ahorro,2016-08-06
733,963,GB74UFCA70828496828066,89947.28,Ahorro,2017-05-14
734,213,GB93TLFE08750512204886,89952.17,Ahorro,2015-08-13
735,962,GB84LOCE62802558759822,45696.82,Ahorro,2021-12-16
736,511,GB42QFGJ06836174881056,79060.04,Corriente,2015-03-31
737,430,GB38YEPJ44035864287125,89825.13,Ahorro,2023-11-17
738,783,GB46YYJK05758594492696,18972.21,Ahorro,2022-11-12
739,673,GB55XZPR93636015263492,14199.05,Ahorro,2022-03-15
740,45,GB36NVNX88428037266119,48208.02,Corriente,2024-02-16
741,254,GB38LFFT73697172105000,6091.66,Corriente,2023-03-03
742,686,GB27GYIN94327975641418,64625.77,Corriente,2017-07-29
743,238,GB33WTBB89634511778924,40768.42,Corriente,2018-03-24
744,50,GB89UCHP18596096290399,89586.99,Ahorro,2014-05-10
745,850,GB49DBGX67943764731611,32855.91,Ahorro,2015-03-15
746,764,GB60ZOPV53403841446807,35494.9,Ahorro,2022-09-09
747,968,GB27JXMP45416934218545,65864.84,Ahorro,2017-05-08
748,228,GB06ZYUD22085883374856,84789.17,Corriente,2022-10-25
749,46,GB08RION86879293083335,23947.73,Ahorro,2018-12-21
750,357,GB11GYGF93511555701223,39250.08,Corriente,2017-12-26
751,52,GB18NJGH26703970988229,9475.74,Ahorro,2019-01-03
752,511,GB07UNVJ69696259604169,74618.74,Corriente,2019-01-10
753,650,GB21LUAG81192011359469,84858.47,Ahorro,2022-11-03
754,709,GB87SNKL37441542792126,44887.57,Corriente,2014-08-28
755,644,GB77ASWB63712603006740,66600.92,Ahorro,2021-06-07
756,328,GB59REQT78068034551664,2785.84,Ahorro,2014-12-30
757,71,GB17KUDZ28138089416479,55483.78,Corriente,2015-12-12
758,164,GB66CZLR11347284341578,48181.47,Corriente,2016-09-12
759,56,GB53CDQW65510435606938,18684.2,Corriente,2020-03-18
760,389,GB56VTAP36792189622661,16201.31,Ahorro,2015-08-12
761,213,GB85NXZG20600673984639,46909.78,Ahorro,2017-12-31
762,918,GB33BVVV90179306602315,1419.76,Ahorro,2019-06-26
763,879,GB74GIUJ43933714626092,68774.86,Ahorro,2019-04-15
764,562,GB67FLMU23325195905674,64954.26,Corriente,2018-03-10
765,146,GB79INTW39163172072740,4456.01,Ahorro,2023-03-19
766,651,GB76CQNS48963247908920,60052.68,Corriente,2020-01-29
767,904,GB51KALI77502466118343,77053.7,Corriente,2016-02-12
768,725,GB36RGWN87243818880365,15325.89,Corriente,2017-12-26
769,839,GB65UTLQ70788439688698,68391.05,Ahorro,2022-07-24
770,334,GB64DLPT60255366879053,95435.38,Ahorro,2023-08-10
771,598,GB32TOQS65571449039286,79012.69,Corriente,2020-10-08
772,403,GB79JGKW76239264274607,50592.66,Ahorro,2019-05-23
773,650,GB55OMHQ30257923426446,72521.42,Ahorro,2015-05-02
774,304,GB16EJTT23778982812969,5783.32,Corriente,2019-11-19
775,669,GB15SOCB14418056432471,58671.17,Ahorro,2017-04-15
776,672,GB21QWAI93534067029442,36959.35,Ahorro,2020-09-07
777,630,GB41FEVC76909678636874,9536.3,Ahorro,2021-07-31
778,43,GB12VCHQ08574827307508,47050.36,Ahorro,2014-08-05
779,8,GB57NDLD12442725264430,54505.78,Corriente,2023-11-18
780,86,GB37FCCP99791416221913,82740.97,Corriente,2016-08-14
781,496,GB88RROS22022120222792,52554.08,Ahorro,2017-09-16
782,198,GB42WMCU81474837043198,84560.04,Ahorro,2015-01-03
783,142,GB57WRXF46109855238495,26301.14,Ahorro,2017-08-19
784,948,GB24HAMF37973864268112,64853.1,Ahorro,2020-09-03
785,16,GB10GGOD69866585643146,45585.79,Ahorro,2016-07-11
786,108,GB02KRJB57818941799761,39610.5,Corriente,2014-06-18
787,31,GB81FIEZ54991985110101,96735.25,Ahorro,2020-05-28
788,773,GB24TAQQ97374805238319,50562.07,Corriente,2021-02-21
789,443,GB95DPED50625588596397,69863.36,Ahorro,2023-11-15
790,534,GB39HRBV99084541483497,77692.28,Ahorro,2016-06-27
791,821,GB46VDVF64317739408053,39826.89,Corriente,2019-03-28
792,738,GB65TZYI71523752778477,59008.83,Ahorro,2016-08-13
793,909,GB93LBBO02722925825030,33942.2,Corriente,2020-02-15
794,694,GB90VZNF09733834718633,97879.27,Corriente,2020-03-21
795,292,GB10NGNR74430433171171,32048.97,Corriente,2015-10-31
796,823,GB52FJRU52829693817423,99562.37,Ahorro,2016-05-05
797,953,GB93AJQZ30108308477951,62146.81,Ahorro,2015-07-02
798,766,GB03UHLO38586464449491,46382.55,Ahorro,2022-08-14
799,720,GB20CUKS27551238595356,39532.24,Corriente,2019-08-08
800,414,GB24NFLP46092528987053,85987.28,Ahorro,2016-07-04
801,901,GB83DQJI46702639721746,56353.32,Corriente,2021-10-30
802,429,GB80HATU77079018159876,23356.0,Corriente,2016-12-01
803,974,GB86DSKB47485377748253,31664.93,Corriente,2019-10-20
804,516,GB48FKRF55920162238176,90644.4,Ahorro,2016-04-25
805,950,GB28VWON16396394237148,77742.91,Ahorro,2022-04-24
806,178,GB36PUYK49121162842435,51426.42,Corriente,2019-10-12
807,932,GB94ZKMN46394488867464,69402.48,Corriente,2022-04-08
808,934,GB22PQIM37775461912190,79821.36,Ahorro,2014-03-30
809,477,GB95IOIT32394275284952,15104.67,Ahorro,2014-11-01
810,257,GB89ELNB23363880855566,32754.13,Ahorro,2023-12-15
811,218,GB86XRTL97180172206299,64508.71,Corriente,2019-06-26
812,196,GB05LDJG16049356334968,72232.83,Ahorro,2017-08-25
813,751,GB12BVLZ79223006995830,9619.84,Corriente,2017-03-07
814,635,GB64RRNQ60260126906400,41502.29,Corriente,2020-09-11
815,205,GB41RKCS63178362114602,9650.46,Ahorro,2016-12-23
816,406,GB13DLLB48832936911270,39516.92,Corriente,2018-02-14
817,201,GB31VRBR09959785097234,16346.0,Ahorro,2022-04-28
818,164,GB43CURN15861879090965,4056.27,Ahorro,2018-01-06
819,805,GB63PXVQ88910411722340,82670.09,Corriente,2020-06-06
820,91,GB65QKEI98475280876165,6211.41,Ahorro,2014-12-22
821,687,GB89ZNVH36232339419917,62337.59,Ahorro,2015-09-06
822,163,GB53TFDQ60474583210980,35769.28,Corriente,2020-03-19
823,756,GB52OXYG60725729648436,65340.71,Ahorro,2020-03-19
824,686,GB09ZHHV40235430178407,14549.32,Corriente,2018-02-22
825,959,GB47LPJJ55104502914207,10474.02,Ahorro,2018-07-23
826,873,GB93KFXU98951249612033,43800.61,Ahorro,2021-10-02
827,991,GB88FICY07037898983039,25882.2,Ahorro,2019-06-11
828,96,GB20HSCA81226442171691,82675.67,Corriente,2016-07-20
829,761,GB03FQUP25517240383916,75669.65,Corriente,2014-12-16
830,298,GB13LXUX12429633632429,26693.49,Corriente,2017-03-23
831,303,GB07TUDR44824573699140,75028.32,Corriente,2018-07-26
832,481,GB50IIIA69653274472420,51569.51,Corriente,2020-04-13
833,836,GB56MGGZ05684667488140,60727.06,Corriente,2014-05-14
834,722,GB83XZDA70800798492915,33235.06,Ahorro,2018-06-15
835,186,GB03CGDK10092988159218,15404.98,Ahorro,2020-08-01
836,915,GB59XVML05024923845517,18962.35,Ahorro,2021-05-25
837,387,GB34WJYJ69869151990875,62810.66,Ahorro,2018-11-08
838,276,GB65MSTW97648157582599,99676.19,Corriente,2014-04-17
839,461,GB64FWKI10731576348374,63602.77,Ahorro,2022-11-13
840,637,GB06UJHR79788962674819,52545.4,Corriente,2018-07-04
841,995,GB84TAIK80302469379239,2253.79,Ahorro,2020-02-29
842,695,GB34IXTL24976636193776,92783.86,Ahorro,2014-10-30
843,508,GB38GIJQ38103563203213,57144.88,Ahorro,2021-08-04
844,1,GB98IRKI40219389927568,46052.14,Corriente,2016-04-05
845,672,GB53PYYH81314533381724,6093.77,Ahorro,2016-02-16
846,488,GB21CEQH52668162678672,87170.7,Corriente,2015-02-17
847,288,GB03UKGF87803491022548,21268.5,Ahorro,2015-12-17
848,903,GB74MYNI06723857810460,16596.58,Ahorro,2021-06-20
849,721,GB36JYUD52650238246380,66120.4,Ahorro,2023-07-30
850,456,GB76SYZN72016073536894,2583.46,Corriente,2018-09-15
851,935,GB14ANYD31841820559716,2249.67,Corriente,2019-12-31
852,412,GB25XLYE60972847158190,10886.84,Corriente,2016-10-03
853,842,GB30XGLU40032511837922,4660.84,Ahorro,2016-12-29
854,957,GB15YVQM13599709360634,4483.29,Corriente,2017-10-06
855,342,GB47XWGP03547898795235,37444.32,Corriente,2019-11-20
856,340,GB50IGDL05298370524676,42011.54,Ahorro,2019-02-02
857,483,GB74TOCD47257034009818,93608.76,Ahorro,2018-05-30
858,573,GB68KTVH37320420256741,88673.76,Corriente,2014-09-02
859,179,GB82BBSK75306503999973,37578.11,Ahorro,2017-12-10
860,118,GB71GXXX82654621384252,28809.38,Corriente,2016-05-18
861,602,GB84RVPW26958300992584,57755.75,Corriente,2019-09-18
862,633,GB96NRLU97272042717761,18288.51,Corriente,2019-05-27
863,254,GB74DMDZ45543235841501,27474.13,Ahorro,2023-11-12
864,436,GB91MCTL36710466260323,93251.13,Ahorro,2018-07-24
865,703,GB56ZIZB43392301891950,10640.2,Corriente,2022-10-28
866,651,GB13IXLQ47240777665308,93859.74,Ahorro,2015-04-15
867,346,GB31NNYZ67533851528076,75574.1,Ahorro,2023-06-19
868,160,GB03QNFI68521142160583,82813.39,Corriente,2017-12-16
869,993,GB36EBRB13569285778259,36145.5,Corriente,2022-04-27
870,322,GB39QRGZ71973521719036,59817.15,Ahorro,2023-06-01
871,750,GB07FWEY07183309002144,38248.63,Corriente,2023-05-10
872,846,GB25PSAI84574452892658,9270.87,Ahorro,2021-05-25
873,964,GB97YWJH07889835373481,75207.28,Corriente,2017-04-03
874,658,GB52PTTI20667993155820,60952.6,Ahorro,2016-05-30
875,507,GB12BCAQ66244242748192,56555.35,Ahorro,2022-07-03
876,770,GB79VBKJ03903206021407,81924.34,Corriente,2019-01-06
877,362,GB03DMSG47922146717813,40353.84,Corriente,2023-01-15
878,540,GB95SASD62531478177154,94078.22,Corriente,2021-12-02
879,854,GB03ZUHQ07412865393437,97501.26,Ahorro,2022-03-29
880,258,GB43KHZT51185809276079,46039.84,Corriente,2014-06-26
881,11,GB06APFP12151362108120,87769.06,Corriente,2020-09-05
882,957,GB78DBXK36931905283451,74242.7,Ahorro,2020-11-06
883,192,GB59IGQA20602981809727,54498.38,Corriente,2014-09-27
884,806,GB97BAAK35915479339352,59283.39,Ahorro,2015-04-06
885,972,GB32ZSSI97912919125049,55059.37,Corriente,2023-12-14
886,588,GB21MOAL16087790123516,13719.17,Corriente,2024-03-09
887,355,GB81LUWS12653634701473,89105.88,Ahorro,2019-11-20
888,119,GB93UXFV52477353128471,96527.76,Ahorro,2021-04-05
889,638,GB65KGZE03839737057691,82808.13,Ahorro,2015-02-22
890,725,GB59HQOY06030631519879,61153.81,Ahorro,2020-09-26
891,251,GB84ZSLG07440220736180,97121.17,Corriente,2018-07-02
892,30,GB69IHGQ91183990217410,97965.28,Ahorro,2020-06-24
893,446,GB58DSWT45604888500784,94591.71,Ahorro,2018-04-30
894,598,GB65PTVK78985897783660,21423.03,Ahorro,2020-11-02
895,289,GB17RLLM23905611632926,48393.58,Corriente,2016-08-09
896,515,GB38RCIY54581896379560,63025.4,Corriente,2017-06-12
897,917,GB54RHTC32880549924463,39685.03,Corriente,2023-01-05
898,426,GB88DAGR25381968902992,86585.02,Corriente,2016-04-12
899,228,GB37AURE69272047478455,84590.78,Ahorro,2016-03-20
900,63,GB25QUIT75225343599873,46175.45,Ahorro,2014-08-24
901,176,GB91EYBM61804199734292,21887.59,Ahorro,2015-07-14
902,672,GB70DCQE91762099740278,65831.55,Corriente,2023-10-26
903,626,GB73YXDN88460085755901,64890.04,Ahorro,2016-08-01
904,857,GB02NRHJ77130834287434,86893.77,Corriente,2016-09-25
905,257,GB74IAMT53104037455309,23719.59,Ahorro,2019-11-08
906,56,GB66KMZD60092688113461,96710.31,Ahorro,2019-12-17
907,410,GB92JYSK06157335173589,17482.9,Corriente,2022-01-16
908,865,GB69CRCV80324333045166,4280.37,Corriente,2019-07-26
909,966,GB69VYUJ87716804623113,87649.87,Corriente,2020-05-10
910,934,GB67QZSH53640340081165,82789.22,Corriente,2019-03-03
911,936,GB14PFMY09329122983251,84837.45,Ahorro,2016-09-08
912,480,GB37GHQX58831746358256,13450.17,Corriente,2020-09-12
913,545,GB72FPJH16456463955485,75626.59,Corriente,2022-02-01
914,747,GB74VGNU90976237519827,86031.34,Corriente,2019-04-10
915,251,GB17JDRF15326357244356,18416.24,Corriente,2016-09-12
916,117,GB37TDOR00658885023343,50065.94,Ahorro,2023-11-06
917,450,GB34YLYJ78048376134090,25790.1,Ahorro,2019-05-09
918,709,GB16PHJF75171039468332,14146.91,Corriente,2020-07-11
919,900,GB94DXEY62825304223639,64580.52,Corriente,2015-06-30
920,116,GB52MLTQ35375660456960,48987.12,Ahorro,2019-06-17
921,806,GB38XDEO09397722449081,16576.75,Ahorro,2019-05-31
922,92,GB90NEYW95605693990209,58771.2,Ahorro,2024-02-28
923,174,GB87DCJR57219068861208,45548.74,Ahorro,2014-04-06
924,57,GB27IXRZ44114724481892,65794.6,Ahorro,2020-01-19
925,599,GB31PYAK63200630035242,61030.95,Ahorro,2022-11-16
926,210,GB70JFYL82694871713931,11779.18,Corriente,2018-03-06
927,187,GB34DCXE71439581041933,37692.86,Ahorro,2022-08-24
928,211,GB88RTEA95566741218837,12166.37,Ahorro,2018-11-26
929,916,GB14CEIN67508734668125,16073.39,Ahorro,2019-08-14
930,628,GB37KJNA74400180491050,78343.44,Ahorro,2016-08-03
931,960,GB36CWCS34415561938684,4296.56,Corriente,2015-11-13
932,912,GB93MDJY45760898821040,28839.54,Ahorro,2015-07-28
933,894,GB98YVZN77187304144271,59211.88,Corriente,2020-11-20
934,630,GB52AARE42810014833775,31087.24,Ahorro,2018-02-13
935,151,GB67FBUA64046238263115,23511.09,Corriente,2017-05-14
936,394,GB35DSRH24771408574981,54757.26,Corriente,2020-04-16
937,479,GB20MUFB12747839110036,12928.16,Corriente,2020-04-04
938,332,GB65XMMQ81576704417331,86775.13,Ahorro,2023-05-10
939,588,GB97KNMG60110709980529,63076.41,Ahorro,2021-02-07
940,520,GB93GDVA10883057451274,2615.29,Corriente,2014-11-04
941,643,GB76UFDR77876973881561,74175.24,Corriente,2022-01-19
942,264,GB02GULI63067624516573,94203.1,Ahorro,2017-08-12
943,276,GB24SRGG64129702400170,99580.12,Ahorro,2015-01-23
944,688,GB37QTAC49518052216897,43054.86,Ahorro,2021-06-09
945,299,GB25WWID14166972472263,73373.4,Corriente,2018-06-12
946,336,GB84QCCC79708394114110,68803.33,Ahorro,2019-05-23
947,189,GB76ZGDJ49196581532127,5553.4,Corriente,2023-05-30
948,723,GB78ZQHS02911200010911,22198.22,Ahorro,2022-10-31
949,132,GB41BBDU74374815249733,56629.54,Ahorro,2018-09-07
950,727,GB64QHTB85611958371327,21391.84,Corriente,2016-03-06
951,475,GB27LAVC04869091569195,68079.48,Corriente,2014-10-28
952,677,GB68SNTG31066256757463,32050.07,Ahorro,2018-08-09
953,521,GB34DITH43557815788382,41900.03,Ahorro,2019-08-08
954,174,GB96UJKN33146071869141,93501.63,Corriente,2020-09-21
955,702,GB30XFKA75501398519132,21599.36,Ahorro,2019-03-21
956,322,GB80WZEU40601048329928,71766.02,Corriente,2019-02-23
957,792,GB54RPBC36150158587758,79376.21,Ahorro,2022-07-03
958,933,GB85IYZD46583612265677,15578.04,Ahorro,2020-05-20
959,68,GB67MYYF93523064307990,4534.32,Ahorro,2024-02-07
960,359,GB20JGCM91698157458198,38282.47,Corriente,2017-08-12
961,440,GB15PWNK01081995656000,81429.27,Corriente,2016-04-12
962,50,GB84QAMA91717051977087,6962.77,Ahorro,2021-11-29
963,444,GB14XXDN55646275856066,15674.41,Ahorro,2020-02-02
964,447,GB72TJSX19536394860337,36999.71,Corriente,2015-09-27
965,879,GB84HJGG72710729737361,44246.7,Corriente,2017-08-11
966,734,GB63WCDT69794148834038,24351.16,Corriente,2019-05-17
967,475,GB93HOAJ35716131037444,23928.86,Ahorro,2024-02-06
968,481,GB70DFCH76901394980397,81908.31,Ahorro,2018-07-05
969,199,GB65CLWM86319023027641,15507.12,Ahorro,2021-11-08
970,605,GB03SZCV72202801520804,12106.04,Ahorro,2022-03-19
971,360,GB41VEFA17932486286032,65907.53,Ahorro,2018-02-11
972,405,GB95FEYI92721687614945,31530.09,Ahorro,2022-08-30
973,643,GB84KNYE54229379153514,42125.32,Ahorro,2017-12-09
974,36,GB88BYQW69796240120964,82128.83,Ahorro,2017-11-23
975,301,GB15FFBN95789174377034,31876.06,Corriente,2020-06-26
976,820,GB51RCWN82974885812425,14641.56,Ahorro,2022-10-18
977,136,GB14ZHQY76624589840773,50943.9,Ahorro,2018-07-17
978,676,GB78LZWI51346529478971,80022.85,Ahorro,2021-05-07
979,101,GB15UXLT31966012351578,21033.28,Corriente,2023-05-01
980,221,GB53MOHH29271932660416,37161.38,Ahorro,2017-04-04
981,610,GB19HFNZ73058146568113,21217.62,Ahorro,2022-02-08
982,939,GB74BTHD45021042348958,40168.29,Corriente,2021-11-12
983,837,GB90DMAU07537853470801,2280.05,Ahorro,2015-11-05
984,225,GB07QVGG19445371161604,56721.18,Corriente,2022-04-20
985,997,GB53LXBW02631312274205,31721.22,Ahorro,2022-12-22
986,798,GB58JUVM17626497685246,47537.79,Corriente,2015-02-11
987,883,GB56RYYT53609832949095,60992.63,Ahorro,2021-11-15
988,696,GB18HOQM39266371417094,24839.72,Corriente,2015-03-08
989,659,GB75DGRW87257151839366,35129.9,Ahorro,2016-05-18
990,908,GB79NFPH54576672636180,7104.77,Corriente,2017-03-03
991,185,GB47PBAN65729083531717,57548.9,Ahorro,2015-10-29
992,673,GB22VPRW20962337690828,89989.2,Ahorro,2019-06-05
993,681,GB18ZMWM67795742992336,40392.19,Corriente,2015-12-15
994,376,GB58WZWA54925749915963,7138.45,Corriente,2016-01-30
995,211,GB81VJRY30335950996228,65371.29,Ahorro,2022-12-10
996,172,GB97ZOCN51874178559259,66566.58,Ahorro,2021-11-18
997,179,GB47YTRY83135043567015,10600.26,Corriente,2018-03-10
998,119,GB39NDHY16391783695798,34775.41,Ahorro,2015-08-09
999,783,GB73MDZV26483011772240,83425.6,Ahorro,2017-05-16
1000,35,GB74DWOT18264079986051,44928.0,Ahorro,2023-03-23
1001,430,GB80GJCY84264136242411,34817.76,Ahorro,2017-11-28
1002,716,GB08UJHR95003659943788,78941.09,Corriente,2016-07-10
1003,823,GB91TJVH92803872318207,37709.58,Corriente,2021-04-27
1004,870,GB07XGEF44030673878903,44448.24,Corriente,2017-01-07
1005,118,GB10UCMJ41460374611680,19355.81,Corriente,2018-11-28
1006,877,GB17KMCN97943404657536,41637.36,Ahorro,2014-05-02
1007,351,GB18QVUC30475903332899,55039.86,Ahorro,2016-06-10
1008,76,GB26SIJO23508888252159,46948.64,Corriente,2016-10-13
1009,355,GB69KHJU96578497253163,45030.85,Ahorro,2018-12-09
1010,68,GB48CMFC57679563355988,52145.15,Ahorro,2019-11-21
1011,403,GB53BDVE21541255258738,20581.16,Ahorro,2017-10-29
1012,423,GB07RDBK48876992680350,24800.78,Ahorro,2021-08-14
1013,600,GB41IJFR20321549704974,43893.11,Corriente,2016-05-08
1014,984,GB57RFRK72308254485264,97357.23,Corriente,2015-05-30
1015,837,GB25WIUT85601152624515,26866.82,Corriente,2024-01-11
1016,780,GB32VMGV54966230931420,8879.61,Ahorro,2017-07-24
1017,62,GB55RHPQ66427757000255,17493.07,Ahorro,2023-11-29
1018,38,GB32HAEA70383013643214,73524.81,Ahorro,2023-06-13
1019,620,GB59QPWB87479162704568,77702.08,Ahorro,2018-02-06
1020,452,GB20LCGT32886795232160,49533.62,Corriente,2016-03-28
1021,924,GB78HIQW74054334094518,79860.27,Corriente,2021-05-21
1022,559,GB09IGTG25003578623646,2404.45,Ahorro,2014-12-14
1023,782,GB73OVPE91600919754043,64699.45,Ahorro,2022-11-02
1024,514,GB22HRRP17323988238017,63016.06,Ahorro,2015-11-21
1025,325,GB92PXTR13541170891841,32109.73,Ahorro,2021-09-11
1026,778,GB60TAHI13604199158275,60566.59,Ahorro,2014-04-07
1027,618,GB51GUZX67965660164552,1740.47,Ahorro,2017-09-27
1028,456,GB64KJVG80051124193398,13983.3,Corriente,2023-02-18
1029,133,GB25IEZK98737095919824,71490.72,Ahorro,2018-12-26
1030,820,GB38UGBK37410431650319,11217.11,Ahorro,2015-12-24
1031,283,GB06JDDX92254552214812,42305.27,Ahorro,2014-06-17
1032,436,GB83ICNP95080139340210,41622.02,Ahorro,2021-05-31
1033,502,GB23OFDK56991365248823,43377.13,Ahorro,2015-10-09
1034,939,GB03ADQH84617035818885,65851.52,Ahorro,2018-08-25
1035,276,GB92ULCQ92421566315639,43039.62,Ahorro,2022-10-07
1036,548,GB48ZNJU91965385411487,35845.62,Ahorro,2017-03-18
1037,876,GB66LRIR71998178280262,81834.54,Corriente,2023-09-21
1038,884,GB52IMAG61890216813083,60407.67,Corriente,2023-02-12
1039,871,GB66VJVW21746793631760,87255.56,Corriente,2017-07-13
1040,21,GB25DDHL35177058873138,92496.34,Corriente,2018-02-02
1041,409,GB93KFLU59071841415845,23432.21,Ahorro,2017-02-27
1042,705,GB05BHIM85573239225217,18899.42,Ahorro,2022-08-21
1043,969,GB61HOBE47190616036107,10530.3,Ahorro,2017-01-02
1044,437,GB83FDJN25875677370247,52100.65,Ahorro,2020-05-06
1045,483,GB38WSVG65413252049620,65364.26,Ahorro,2020-05-11
1046,910,GB62MTYK00963400653113,97063.99,Corriente,2021-06-06
1047,21,GB79EFBH91269954156783,43517.21,Corriente,2016-09-08
1048,286,GB55IUNK34383319319699,77795.08,Corriente,2017-06-07
1049,21,GB46QMXB11498439653152,72156.06,Ahorro,2020-09-19
1050,622,GB79FTKN04169823360069,57009.51,Ahorro,2018-02-10
1051,683,GB95ADUL16407036505048,46038.85,Ahorro,2023-08-10
1052,73,GB33PZGT16287266585718,7363.55,Corriente,2021-03-18
1053,951,GB93OAKL70856361304869,67611.76,Corriente,2019-10-19
1054,245,GB20TJDX94092949959638,21044.36,Ahorro,2023-12-03
1055,736,GB55TKYY36454061272956,38360.01,Corriente,2014-10-30
1056,979,GB87UHMS10153043006587,27373.84,Corriente,2017-04-22
1057,420,GB84ADQQ15900043094217,85386.91,Ahorro,2016-05-09
1058,113,GB56KDXU21217368233495,98567.89,Ahorro,2018-12-09
1059,21,GB10WYTS07501519409116,77667.45,Ahorro,2023-07-11
1060,377,GB66ENEW39860723121078,40658.56,Corriente,2014-05-02
1061,491,GB20OPIR57969805781361,22691.01,Ahorro,2023-05-23
1062,16,GB84CSRF76050012506683,77320.05,Ahorro,2015-01-09
1063,417,GB49PXEZ19213587222735,1179.35,Corriente,2023-12-25
1064,869,GB28PKWP08505969209618,23443.81,Ahorro,2021-08-28
1065,960,GB64NSCC56113905601095,38425.61,Corriente,2023-10-05
1066,265,GB19DWTF21591547478666,23769.68,Corriente,2016-01-29
1067,870,GB80FWPP37659658267816,78993.32,Corriente,2023-09-01
1068,678,GB78HBLS56693076738299,68096.27,Corriente,2015-06-27
1069,66,GB02LJKJ45767927250017,40559.2,Ahorro,2017-11-01
1070,234,GB31DKQC31400758766116,35073.01,Corriente,2024-02-03
1071,70,GB90QHHF68631445698431,60352.79,Ahorro,2018-03-05
1072,612,GB76WAWB23722807593442,97822.98,Corriente,2016-04-18
1073,74,GB08HQES82113292694986,93672.2,Ahorro,2021-10-25
1074,685,GB65BZKZ33962633404255,64221.41,Corriente,2021-03-12
1075,794,GB17TRWA48341378718206,99142.35,Ahorro,2022-02-26
1076,148,GB25SBWF09267216529187,21295.68,Corriente,2022-01-11
1077,660,GB65DWKO34917832835723,43792.25,Corriente,2015-12-16
1078,885,GB20MGRJ57401092244945,29513.14,Corriente,2019-03-09
1079,203,GB96JVOZ61810509814924,63786.6,Corriente,2016-01-30
1080,102,GB08KZEE86655324265876,64320.13,Corriente,2019-12-11
1081,411,GB89UISD21168600775516,31826.07,Ahorro,2020-01-17
1082,597,GB11EUKY37237704920314,85697.69,Corriente,2015-07-09
1083,401,GB79WODH26854504811788,26649.95,Ahorro,2023-04-02
1084,451,GB10LBTL59552761774337,70606.17,Ahorro,2019-08-21
1085,101,GB77JGCG66867634986904,58458.26,Ahorro,2023-06-07
1086,743,GB30UHXW17066183022522,69111.59,Ahorro,2022-06-14
1087,657,GB47KGJH90418375583665,70639.76,Corriente,2019-05-27
1088,92,GB23MIEW47910830118179,70941.49,Ahorro,2018-12-21
1089,249,GB73TTSE26811141189916,78018.39,Ahorro,2017-12-31
1090,232,GB53GMHW61825542517538,13691.2,Ahorro,2024-01-05
1091,84,GB82QXKO79499813048738,80455.76,Corriente,2019-05-31
1092,864,GB88PZJR94837155432058,69431.47,Corriente,2022-02-13
1093,984,GB88TLVR48022939549750,86502.14,Ahorro,2018-01-18
1094,810,GB94XVAO81712702575539,67539.74,Ahorro,2014-07-11
1095,191,GB17UNQH68938678696270,95698.68,Ahorro,2017-03-22
1096,809,GB24FSZZ17431295205103,99188.05,Ahorro,2019-05-18
1097,178,GB02JMJL10998457899742,70727.57,Corriente,2015-02-20
1098,687,GB58ODOD68374202699736,67598.44,Corriente,2017-07-03
1099,532,GB12DTND88433555095477,8314.93,Corriente,2015-01-11
1100,174,GB24IHWP11572904508943,44194.57,Corriente,2019-03-19
1101,191,GB36VFBK89266650691956,59445.21,Corriente,2022-06-06
1102,405,GB61OFXQ74616239810562,74277.42,Corriente,2016-04-30
1103,361,GB78FECT69901098620272,44755.1,Corriente,2020-08-04
1104,391,GB83OZNR70429206870722,33286.84,Corriente,2016-02-22
1105,541,GB67LRAG35369903668860,84356.66,Ahorro,2020-01-03
1106,45,GB89XWVN27123210603802,10749.57,Corriente,2016-01-10
1107,784,GB62ELVP14767892463583,51632.89,Ahorro,2019-07-11
1108,439,GB59JKSU27095875904494,21949.73,Ahorro,2020-08-04
1109,924,GB85LTBO10602948189341,80406.71,Corriente,2016-04-18
1110,657,GB85THGN16771220841826,34885.57,Ahorro,2015-12-15
1111,818,GB36PNLP54461019268976,81490.39,Ahorro,2016-06-19
1112,441,GB22KGKD73347251395907,91197.09,Ahorro,2015-09-25
1113,566,GB56BPDK04371437005990,64036.57,Corriente,2016-05-26
1114,910,GB38PNNT27911064058469,82988.49,Corriente,2019-03-26
1115,882,GB33ZNCV40449137103114,33575.84,Corriente,2018-10-26
1116,545,GB73BQOR26586377643869,26996.02,Corriente,2020-02-18
1117,421,GB38ONTX52743515709940,61196.82,Ahorro,2015-10-27
1118,355,GB97ZCAT08275991207812,54336.58,Corriente,2015-04-07
1119,356,GB94PANH25441711137599,91194.33,Corriente,2017-12-20
1120,431,GB76NPWH38549286292224,26850.29,Corriente,2021-03-20
1121,22,GB10ROTH55332871460183,55202.44,Ahorro,2018-08-12
1122,869,GB24QCJT05029304937986,70783.38,Ahorro,2019-07-12
1123,535,GB14DYTQ21160416392299,75746.19,Ahorro,2023-10-28
1124,888,GB93YKOH97418755101253,3305.21,Corriente,2020-07-13
1125,54,GB94PDMF44932992699022,71118.5,Ahorro,2018-06-11
1126,563,GB42MVFA77685649894151,95100.34,Ahorro,2018-01-02
1127,255,GB38ITBM50043511446685,61461.86,Corriente,2016-09-05
1128,605,GB06EFOP15904029704439,11593.87,Ahorro,2021-06-25
1129,341,GB09NFCL85188333386453,10924.11,Ahorro,2018-02-20
1130,249,GB97UWVD39163333046323,66852.66,Corriente,2017-09-03
1131,201,GB57RTMD07514639117567,10983.25,Corriente,2021-02-03
1132,328,GB81CETB94462554427216,43752.48,Ahorro,2017-01-19
1133,501,GB53WATV43723002988976,92714.44,Ahorro,2023-10-05
1134,991,GB38LZTY25403304024686,52336.57,Ahorro,2019-08-07
1135,282,GB98OKID16192573416139,72404.29,Ahorro,2014-08-15
1136,101,GB68QIDI03281503970528,39423.61,Ahorro,2017-05-03
1137,852,GB96NGEC59480631965609,61509.27,Ahorro,2021-10-17
1138,1,GB82EJZX83782574753602,27224.58,Corriente,2023-08-12
1139,868,GB45HYVJ07759554039086,11581.13,Ahorro,2015-08-23
1140,611,GB34YUUC00809052347953,47740.98,Ahorro,2022-11-20
1141,60,GB69IZTA73507411273262,94176.6,Corriente,2023-01-17
1142,911,GB66NOZP60758667800391,81963.68,Corriente,2019-03-01
1143,64,GB77VJOQ72062055628520,79254.11,Corriente,2018-09-25
1144,964,GB13RXTK00824777667337,38303.23,Corriente,2020-12-16
1145,724,GB46RRIH49672465822723,87970.17,Ahorro,2021-08-27
1146,50,GB06DMGY12783229883580,67979.94,Corriente,2021-03-29
1147,580,GB47HGTO90653299414577,58382.1,Ahorro,2014-11-07
1148,924,GB95BPJQ36085106465531,12820.44,Ahorro,2019-06-13
1149,341,GB73LERX81375509943129,87462.5,Corriente,2023-02-16
1150,0,GB22RBMB49954514991248,58985.45,Ahorro,2015-06-19
1151,175,GB56STUW99339051954825,19358.29,Ahorro,2024-01-17
1152,587,GB92FPZS82903600479139,92429.25,Ahorro,2021-11-02
1153,141,GB49KQJZ68230317935484,32352.67,Corriente,2018-08-01
1154,236,GB22VTGW44467038548502,76114.03,Corriente,2022-03-19
1155,742,GB95HEIW94338477823567,12822.59,Ahorro,2022-11-27
1156,960,GB73YUKV89938695540372,63308.93,Ahorro,2015-12-26
1157,353,GB56OOZY07083142651131,75353.54,Ahorro,2019-07-08
1158,463,GB47PKNH01091523903116,77183.52,Ahorro,2018-11-15
1159,310,GB14HRZU70364301157524,44159.67,Ahorro,2022-05-18
1160,559,GB61KFBZ06025299763387,95103.01,Corriente,2019-12-06
1161,989,GB89QAAO22680883946051,9151.49,Corriente,2015-05-02
1162,984,GB11EWLD37564099984895,1448.87,Ahorro,2022-01-22
1163,967,GB96WIDS84006783882018,92535.85,Corriente,2014-09-28
1164,534,GB49QZSI56657283560360,28704.14,Ahorro,2023-10-10
1165,118,GB64RUBI14430522712030,51645.3,Ahorro,2021-12-01
1166,797,GB35PQCL87187777021181,56884.78,Ahorro,2014-07-25
1167,249,GB37XDRB21472011983300,51780.03,Corriente,2014-08-20
1168,801,GB41PMMB07581550758085,69308.26,Ahorro,2015-11-10
1169,480,GB20GQZH85353332329132,49538.59,Corriente,2020-09-01
1170,952,GB32WOVA45886429035197,69483.49,Ahorro,2015-03-01
1171,713,GB96MOLM29023927944922,2089.81,Ahorro,2017-01-12
1172,849,GB08YFDB21366081652182,86932.94,Corriente,2020-02-20
1173,17,GB53DARK45720199934052,30896.23,Ahorro,2014-04-13
1174,318,GB20WFMB48446955487601,96444.99,Corriente,2023-09-07
1175,262,GB39UBMM26427716809366,85207.34,Ahorro,2016-05-11
1176,801,GB76VYFE68890545578194,87708.04,Ahorro,2019-03-01
1177,131,GB42AMUN68915367020192,58379.26,Ahorro,2020-06-12
1178,349,GB87FUAV29646996330909,22939.54,Corriente,2023-01-06
1179,673,GB44SWFX09594871661912,47143.09,Corriente,2023-01-10
1180,373,GB41MNTI62341858339635,79855.62,Corriente,2019-08-04
1181,434,GB94WSXV75341748222004,6520.15,Corriente,2020-02-09
1182,737,GB55VTAH64894627404261,83323.26,Corriente,2023-03-29
1183,33,GB20YWGR53312159682566,23548.27,Ahorro,2015-03-26
1184,922,GB25EWCA77493307242182,9816.82,Ahorro,2017-05-02
1185,309,GB20YZFY38510133445656,73057.94,Corriente,2020-09-16
1186,829,GB80JTED86808319109629,6563.41,Ahorro,2016-02-22
1187,496,GB44HTNL82919432811886,51493.32,Corriente,2020-07-11
1188,666,GB43KIIE23052090485825,11185.16,Ahorro,2014-09-20
1189,312,GB86UFSN62045759222865,80392.21,Ahorro,2015-09-03
1190,399,GB59XLRA29016401633545,21042.13,Corriente,2015-03-28
1191,350,GB73SXOL50824779249212,60716.25,Corriente,2018-06-30
1192,524,GB95WOLZ39305321217251,62314.38,Corriente,2023-03-11
1193,253,GB48HCIZ82812261376502,65254.91,Corriente,2014-03-19
1194,209,GB09OMSM05605979556621,85724.53,Corriente,2020-02-02
1195,881,GB88WONQ21395304572892,62760.69,Ahorro,2024-01-05
1196,505,GB24WYUW17754236924915,66214.6,Ahorro,2017-01-11
1197,243,GB87XBWN33731151829542,73339.56,Ahorro,2019-02-27
1198,365,GB42ABTT89587725063352,57663.25,Corriente,2015-08-24
1199,630,GB98RHWN41363479707277,85351.76,Corriente,2023-07-28
1200,525,GB18LUQY42156328426300,67973.04,Ahorro,2021-06-23
1201,364,GB60ZVPO38816275210022,84979.83,Corriente,2020-04-20
1202,784,GB64AEJJ81091951950135,55404.24,Ahorro,2014-05-19
1203,198,GB10MMVS79824992327662,61904.98,Corriente,2016-10-27
1204,966,GB08QLVD69941915639619,44369.65,Ahorro,2022-06-21
1205,76,GB38VJMV88956246632498,9397.24,Corriente,2020-09-03
1206,385,GB67RVYF60965989194752,37997.0,Corriente,2022-01-07
1207,192,GB38KOBV78321236128606,64610.69,Ahorro,2020-10-24
1208,585,GB02WMAP60561563905531,60393.97,Ahorro,2016-12-09
1209,150,GB22EHEJ62916982545666,9180.3,Ahorro,2021-01-31
1210,626,GB86PQCI56845663791579,39050.18,Corriente,2022-12-29
1211,356,GB59YKWD89875682280862,29473.28,Ahorro,2019-01-04
1212,505,GB09XSVW62126986816281,42414.84,Ahorro,2023-11-09
1213,704,GB18PYWJ83445070113966,54236.66,Corriente,2017-02-21
1214,95,GB90PWNN29789279277326,27963.57,Ahorro,2020-12-21
1215,446,GB66MTFA91425374741943,36977.77,Ahorro,2017-03-23
1216,948,GB48ZQMW99896609032309,23626.29,Corriente,2022-09-27
1217,222,GB59TAJK73359470156270,60318.41,Ahorro,2017-12-22
1218,242,GB14VSZI07909876248752,64230.61,Ahorro,2014-12-09
1219,568,GB58FNTI81398934858215,90029.91,Corriente,2014-04-27
1220,897,GB19RPBX39313945763064,48870.19,Corriente,2014-06-16
1221,209,GB68PPEE27013005690107,57640.69,Ahorro,2023-04-22
1222,740,GB93MHNO58945655405136,46229.26,Ahorro,2022-10-27
1223,534,GB40ZMDU91142903374387,8225.86,Ahorro,2023-06-01
1224,142,GB85OOEU48695549988913,90907.09,Ahorro,2018-06-06
1225,927,GB90GYEI26273922464231,90416.6,Ahorro,2018-06-22
1226,785,GB19WXYO49852953621328,13723.54,Corriente,2016-10-21
1227,173,GB17SHMP69944751065310,89057.49,Corriente,2015-06-16
1228,501,GB84JIDU77212087098845,60757.47,Ahorro,2020-06-15
1229,923,GB50KYYT33728986495243,70879.05,Ahorro,2022-06-18
1230,225,GB86CPZQ44759067166885,84751.09,Corriente,2020-10-23
1231,33,GB44NTMT75204506670303,57630.57,Corriente,2021-05-17
1232,602,GB81ELME85394183600036,78374.5,Ahorro,2023-04-30
1233,727,GB02QJQC52594744049634,25638.49,Ahorro,2021-03-27
1234,364,GB32RCUB49529027497289,68499.25,Ahorro,2023-08-17
1235,631,GB49SINW03374265862822,37036.14,Corriente,2022-02-04
1236,381,GB71JENC01220254550711,63059.45,Ahorro,2021-05-01
1237,222,GB98EXWT97288256947771,99085.75,Corriente,2019-10-24
1238,485,GB25QUHY81381975671674,27291.63,Corriente,2019-11-12
1239,661,GB93UPFG03987440578436,49802.67,Corriente,2015-03-15
1240,215,GB02PFWT45988759732769,94233.79,Corriente,2019-09-27
1241,193,GB44NOVP61514831128957,73153.19,Ahorro,2014-07-10
1242,460,GB02BOCW95628033814241,34242.23,Ahorro,2022-07-20
1243,956,GB86WXVI90631630510263,22751.42,Ahorro,2020-05-02
1244,855,GB92EGRK52497151524365,17614.25,Corriente,2018-05-31
1245,736,GB67IFBE74942546221801,49529.25,Corriente,2022-03-29
1246,562,GB98IZWY20665293710283,31869.98,Ahorro,2021-03-24
1247,415,GB44WGVC68939667703560,73452.75,Ahorro,2023-01-20
1248,854,GB97CLAL37781290606117,86824.51,Corriente,2021-09-16
1249,311,GB18XEFT23865487462523,77002.96,Ahorro,2016-01-01
1250,714,GB48FLBP59679390783684,77162.93,Corriente,2021-03-09
1251,342,GB95PLXY56041986883405,54873.79,Ahorro,2017-03-10
1252,168,GB06JYBB87935476326950,6209.14,Corriente,2020-02-15
1253,542,GB79YGEJ19997260580201,84353.1,Corriente,2015-02-14
1254,499,GB16ZQOP12556338263842,34106.28,Corriente,2015-11-05
1255,714,GB88VXOT80628841722530,11421.91,Ahorro,2023-11-15
1256,21,GB20KCBM17330019958631,88493.44,Corriente,2015-03-02
1257,997,GB76GHAL86536650162242,93090.7,Ahorro,2016-01-27
1258,795,GB98VVFT55310452941785,55362.78,Ahorro,2018-01-13
1259,514,GB27IHOE18245461048861,21270.61,Ahorro,2021-09-01
1260,435,GB35RBFC58047508286588,37655.91,Ahorro,2021-04-06
1261,607,GB70CAEZ58007188870710,92353.96,Ahorro,2014-08-27
1262,682,GB10PBZQ26812686383541,31283.26,Corriente,2023-07-13
1263,529,GB49PSWZ33709817540021,13343.31,Ahorro,2023-07-16
1264,487,GB70ESDL74333555644370,14578.3,Ahorro,2019-11-06
1265,186,GB47LHEJ30007101138890,23448.55,Ahorro,2015-07-06
1266,412,GB36LKCR02329973176821,19087.59,Corriente,2018-11-06
1267,624,GB76FOYL53312340338375,5808.29,Corriente,2015-07-07
1268,795,GB26KYEZ62937083394373,60270.59,Ahorro,2019-03-29
1269,825,GB41AOLH40036882994127,89196.87,Corriente,2017-06-06
1270,867,GB85YIZI63397650803325,13807.64,Corriente,2020-12-28
1271,983,GB72LQCJ46381860123736,51140.7,Ahorro,2022-06-06
1272,410,GB73HJAC87323144909906,43149.25,Ahorro,2022-04-04
1273,421,GB23DBGQ10789682209153,72054.53,Ahorro,2022-03-05
1274,880,GB32KKKM03623543570858,30834.03,Corriente,2020-03-10
1275,825,GB34NHCH39490436420102,90977.94,Ahorro,2019-04-24
1276,136,GB15MIDW80678448775525,52549.25,Ahorro,2018-12-22
1277,412,GB57PSVN63699022897470,24727.36,Corriente,2021-08-15
1278,150,GB90BJZT12781791584095,48167.72,Ahorro,2020-08-07
1279,148,GB44FSCM24365918601271,4567.54,Corriente,2021-02-19
1280,867,GB75AVHV65548834144037,19950.98,Ahorro,2014-06-22
1281,629,GB38MCDQ60590311528932,43485.3,Ahorro,2020-06-10
1282,866,GB55ATUR07952998870185,19981.9,Ahorro,2021-04-10
1283,562,GB23JTJK69583323121567,83574.13,Ahorro,2015-04-10
1284,626,GB75NRQI04610923093420,73747.28,Ahorro,2017-12-06
1285,300,GB46SVJJ74799673215556,40191.39,Corriente,2021-10-06
1286,567,GB90EMZG53174575061735,10854.16,Ahorro,2017-06-03
1287,282,GB03IMRT52622046008179,58931.4,Corriente,2017-09-10
1288,584,GB74WJSS66810274798668,47640.42,Corriente,2022-01-10
1289,335,GB32LVPL27171216304068,41707.46,Ahorro,2019-07-16
1290,674,GB09XQJJ42083040146526,72709.48,Corriente,2014-10-23
1291,718,GB02MCZC45465752099422,2288.61,Ahorro,2014-04-16
1292,662,GB50ZRRQ03324235253554,17575.7,Ahorro,2015-12-23
1293,94,GB18AQEG43383763879415,23036.12,Ahorro,2018-03-26
1294,394,GB55HNUZ91284438921652,48454.85,Corriente,2017-08-24
1295,874,GB14FCXI42315488651706,37328.54,Corriente,2023-08-17
1296,171,GB96WSXV68193124184737,85969.62,Ahorro,2020-10-27
1297,50,GB71PUVM54741676863228,16568.11,Corriente,2019-03-15
1298,707,GB76SMLC59651092542113,96396.81,Corriente,2021-03-06
1299,740,GB12CCQP28562004176953,62671.27,Corriente,2022-12-22
1300,115,GB54LGPH85951814413883,30450.62,Corriente,2024-03-11
1301,331,GB14RGQK99073422663297,6302.1,Ahorro,2019-05-10
1302,61,GB11JPDA23551858199090,76885.92,Corriente,2021-03-18
1303,475,GB65PUTS10726837984986,67878.96,Corriente,2019-08-07
1304,871,GB93CJRI19162533375156,78131.22,Ahorro,2016-06-02
1305,716,GB39JJIV91698497254724,11398.9,Corriente,2015-08-24
1306,476,GB93AVWS36636935952406,44355.24,Ahorro,2015-05-29
1307,449,GB25FTXJ86819179382384,38174.79,Corriente,2014-09-18
1308,342,GB38TZQR75486504269629,51117.11,Ahorro,2014-05-03
1309,190,GB94XXFT27706123868803,16204.55,Ahorro,2017-03-02
1310,186,GB81GXZM95731316014981,17187.72,Ahorro,2017-02-09
1311,369,GB39AFES31312875426283,14793.7,Ahorro,2022-07-10
1312,972,GB81WKCF39372736422595,29616.39,Corriente,2018-11-17
1313,420,GB91LMHJ61272206707042,18258.78,Ahorro,2017-01-03
1314,543,GB43QJEA26194003240241,2764.62,Ahorro,2016-12-05
1315,869,GB70IESY62151513425520,17738.27,Ahorro,2022-01-07
1316,225,GB36DZLF95858632780997,40006.57,Corriente,2022-08-06
1317,431,GB97DHFG11956229672998,46280.44,Ahorro,2016-01-13
1318,780,GB42SAFK65900529747343,2031.08,Corriente,2018-07-10
1319,704,GB39GVHZ64892230494890,26654.96,Corriente,2023-08-30
1320,118,GB79IBZJ94022572437267,36672.92,Ahorro,2023-05-20
1321,868,GB18KCAE03241036247530,81708.16,Corriente,2015-05-29
1322,174,GB10CXKN91003265355321,68666.98,Corriente,2016-02-05
1323,1,GB83MUJP19130217598130,81948.41,Corriente,2023-10-14
1324,983,GB55ASXW94916811504504,89298.44,Corriente,2021-08-22
1325,598,GB35MAJJ14132979273889,58557.26,Ahorro,2017-02-12
1326,477,GB98BJLK13971315933660,12436.06,Corriente,2023-11-16
1327,64,GB17OOJV08262321255276,66340.18,Corriente,2022-12-17
1328,673,GB14MZED46266890109352,96687.13,Ahorro,2023-05-29
1329,924,GB94FEBZ70773272776375,68240.12,Ahorro,2016-09-05
1330,456,GB15WIXN13582181219629,81933.69,Ahorro,2016-01-26
1331,78,GB32EPMP27624916087358,11459.81,Corriente,2022-03-06
1332,428,GB25EITY27449631184940,77811.45,Ahorro,2015-07-04
1333,396,GB18HRFH10385735778412,85556.7,Corriente,2018-12-16
1334,550,GB37DEXS46031418001021,77074.74,Ahorro,2024-02-25
1335,446,GB72QQUB82348524234475,74655.29,Corriente,2019-11-20
1336,32,GB62NXBX76772098458241,9769.5,Corriente,2016-04-14
1337,534,GB29KLPF28660983134061,35442.36,Corriente,2016-03-09
1338,630,GB06TZOB48191330852183,27825.93,Ahorro,2024-01-28
1339,560,GB76AMBZ62259961299064,5981.73,Ahorro,2017-05-31
1340,666,GB17ZGEH89943115695636,26625.74,Corriente,2022-06-19
1341,837,GB59KYQY62889934010321,88349.49,Ahorro,2019-03-04
1342,92,GB28SQSN50608349047406,95209.43,Corriente,2023-07-08
1343,93,GB22BFRN89098866660775,79803.88,Corriente,2016-10-04
1344,878,GB09KEIF86779078024054,12217.65,Corriente,2021-03-27
1345,191,GB87UERI96003911557223,26453.54,Corriente,2016-08-26
1346,751,GB23RVON71140186529713,58662.31,Ahorro,2016-09-23
1347,406,GB32AZVQ10579250190804,71190.79,Corriente,2014-11-15
1348,280,GB50IXSE18044835579533,83384.3,Corriente,2017-07-28
1349,925,GB14ILWF87013505868568,6525.56,Corriente,2017-05-19
1350,16,GB66ACLW35140126308408,78750.77,Corriente,2019-06-28
1351,824,GB84AZDY34391518256125,70715.31,Ahorro,2023-03-07
1352,571,GB71FZSD48471063499782,48079.47,Corriente,2016-09-02
1353,313,GB10AQUQ10556864629451,39327.52,Ahorro,2021-09-12
1354,399,GB38GTJB26412250750885,88509.65,Corriente,2015-08-01
1355,117,GB78AZUE05320672870246,20029.74,Corriente,2021-02-16
1356,681,GB57JZCY66234319954991,73349.01,Corriente,2023-11-28
1357,602,GB02UHBA45498233763166,71963.65,Corriente,2022-08-16
1358,63,GB46XQJZ34819644486357,58035.78,Ahorro,2022-03-04
1359,199,GB32MWAA19482852051384,47053.92,Ahorro,2015-05-11
1360,580,GB05CQAQ76435569730594,14449.7,Corriente,2019-10-23
1361,86,GB50CUIT89494472686929,5223.97,Corriente,2019-05-04
1362,266,GB32CLZO51141187137435,39616.7,Ahorro,2017-03-09
1363,387,GB90AGZO47070074453435,24096.69,Ahorro,2021-09-19
1364,498,GB90WPJI46582563821611,32171.89,Corriente,2022-12-27
1365,156,GB66CKNS49297504314189,22259.43,Ahorro,2022-12-17
1366,495,GB30VZXS66085092100639,36415.74,Corriente,2016-01-09
1367,500,GB24SYHL21992060928585,53417.69,Ahorro,2019-06-02
1368,793,GB12GTOD53880918275938,26088.62,Corriente,2017-12-17
1369,921,GB15GXHC07329760034080,27674.44,Corriente,2022-10-14
1370,924,GB88IYKM03587941152410,57059.2,Corriente,2014-11-17
1371,723,GB10ZBWX87924495228635,65282.39,Corriente,2020-06-12
1372,49,GB66OHVZ62244267575471,76732.51,Corriente,2015-06-15
1373,84,GB66PRFO71031558699081,19924.16,Ahorro,2014-12-21
1374,289,GB43WJTP71383679720012,50364.29,Ahorro,2020-07-10
1375,610,GB14WWGM14725745274834,91951.18,Ahorro,2023-01-29
1376,770,GB95HSMH76435779658862,62407.6,Ahorro,2014-12-22
1377,603,GB88YUDD91115983323267,37927.75,Corriente,2024-03-12
1378,682,GB46SUEW47168830083772,59775.52,Corriente,2015-05-10
1379,28,GB44XVIH56677624943543,6127.51,Ahorro,2020-05-20
1380,926,GB72DCRK57242833974940,14199.14,Corriente,2018-06-14
1381,34,GB97PPPK43676435329168,17727.9,Corriente,2015-12-22
1382,221,GB65WXWB85152686910385,74698.28,Ahorro,2014-04-13
1383,460,GB24BEBG89733194574064,48057.15,Corriente,2016-07-31
1384,833,GB25OOJX30003968919025,2706.32,Corriente,2018-02-10
1385,735,GB90ENDF67047688931586,56457.87,Corriente,2024-02-09
1386,439,GB23PQIG75922158502396,34321.45,Ahorro,2018-12-04
1387,628,GB58OMJG71718356881641,61013.01,Ahorro,2018-10-18
1388,59,GB51MATY48517797424494,15694.46,Ahorro,2020-12-22
1389,351,GB40RSNE54881764163567,61983.31,Corriente,2021-11-30
1390,698,GB71HJIF71286891316839,74570.82,Ahorro,2023-08-27
1391,411,GB78YNIK37102107879124,82060.73,Ahorro,2018-03-07
1392,767,GB19TZIS64086935933982,36695.39,Corriente,2015-12-04
1393,101,GB46ZKZR32539781558543,72173.8,Ahorro,2016-07-06
1394,135,GB89NMQR15919580693711,45861.62,Corriente,2016-01-11
1395,538,GB75XEKM17904867947009,35190.48,Corriente,2017-09-03
1396,256,GB53HJMW60241116800836,41041.73,Corriente,2022-01-28
1397,735,GB94NYHK26978420378541,99373.12,Corriente,2017-02-21
1398,384,GB03ASBT34418089507104,16100.54,Ahorro,2022-04-29
1399,705,GB33XVCP99304829323715,41629.35,Corriente,2018-06-15
1400,690,GB38YVXV98135438581658,91480.51,Corriente,2016-07-19
1401,884,GB72MCRM40980646072575,22203.46,Corriente,2022-05-13
1402,179,GB89COJG01884762774294,14687.14,Ahorro,2023-01-26
1403,526,GB23BDYZ46908649372905,35147.89,Corriente,2022-07-19
1404,107,GB80EPLP30728717288742,22581.79,Ahorro,2017-10-28
1405,118,GB67MGFA75333112032210,61965.27,Corriente,2018-07-18
1406,671,GB50CYPY61208157400341,95978.26,Ahorro,2018-09-05
1407,681,GB91NGJI56374076547019,40701.06,Corriente,2019-06-25
1408,27,GB05YFNC60129786403605,38690.82,Corriente,2017-12-02
1409,513,GB97FIFW43417760285237,94439.96,Corriente,2023-11-21
1410,767,GB82NCYM55284033094669,33304.01,Corriente,2018-01-14
1411,439,GB67ORPW61084887747853,27697.65,Corriente,2024-01-14
1412,298,GB48WMXR11371181809875,10219.59,Ahorro,2014-09-09
1413,460,GB14YTBX90863303473094,1911.67,Corriente,2020-11-30
1414,236,GB09VOYY67125767213416,32839.99,Corriente,2017-04-03
1415,559,GB22ZBCK56752917829692,76600.96,Ahorro,2023-10-10
1416,280,GB57TMDT63087441474609,34014.81,Corriente,2020-11-27
1417,929,GB72PNUR94902239676089,24067.7,Ahorro,2022-03-28
1418,339,GB54XOTZ15017812205358,73664.86,Ahorro,2021-04-27
1419,258,GB91NJKL40149294046926,17203.99,Ahorro,2021-12-17
1420,558,GB43WJNE29438891277906,59698.91,Corriente,2020-04-21
1421,481,GB77KLMG20895985234229,16176.83,Ahorro,2016-11-06
1422,424,GB24LXFJ33051025104856,51334.5,Corriente,2018-09-28
1423,132,GB36SJHP30198445834869,20925.23,Corriente,2022-08-21
1424,491,GB49BSJG59766410465926,16040.08,Corriente,2015-07-06
1425,101,GB76AHUE55546051600368,56776.58,Ahorro,2017-11-20
1426,892,GB04HRFT10845816705493,3670.77,Corriente,2022-04-08
1427,159,GB82QRQP18975308856000,22570.79,Ahorro,2018-04-16
1428,159,GB98DSYD64865846490740,91278.91,Corriente,2019-11-02
1429,736,GB27PVYQ30411104828638,97560.94,Corriente,2022-03-20
1430,751,GB76ZZBQ17444724285435,66098.81,Ahorro,2022-09-07
1431,725,GB80CYTM23681507962922,52214.07,Ahorro,2019-09-20
1432,700,GB47BEAP32873216198348,95689.59,Corriente,2017-01-05
1433,682,GB33TEIV38745522313900,29189.19,Ahorro,2022-01-28
1434,24,GB74LAVZ35753159625985,18581.49,Ahorro,2016-03-10
1435,421,GB97HFYD88339651588068,32994.17,Corriente,2022-03-31
1436,508,GB63QSQW59322769067993,74824.85,Ahorro,2019-02-28
1437,534,GB59YNDL02605855790049,39256.22,Corriente,2019-05-03
1438,463,GB37GQUG23359642410918,6139.66,Ahorro,2021-12-01
1439,693,GB12VSPH59109574971303,74562.42,Corriente,2023-09-08
1440,764,GB53CWPA96769242062010,75103.08,Ahorro,2021-01-15
1441,81,GB23TWMZ98540936654398,85970.86,Corriente,2021-03-29
1442,788,GB95EFMT08960013079954,79769.02,Corriente,2019-09-24
1443,613,GB50FOYP36073445904947,8140.03,Corriente,2018-12-01
1444,520,GB06URXU87897936198132,51150.04,Ahorro,2018-12-13
1445,545,GB67PQQC27772270489403,56520.24,Corriente,2017-08-10
1446,83,GB51WFNP83419491918430,85068.56,Ahorro,2022-08-11
1447,589,GB39XMAA14185492303340,53415.34,Ahorro,2015-07-23
1448,996,GB55BYQG18129986979443,86936.64,Ahorro,2016-06-12
1449,969,GB67OHLD43370329199654,1643.96,Corriente,2016-12-12
1450,398,GB77UJJG87823459406437,56136.5,Corriente,2015-09-19
1451,573,GB38TZAS47005703364817,35546.3,Corriente,2020-11-30
1452,666,GB48NIFX06438846769393,29162.53,Ahorro,2022-06-04
1453,76,GB66TTBF92752059752429,34980.38,Corriente,2022-05-24
1454,878,GB42GMHZ32869474900383,35204.82,Ahorro,2014-07-29
1455,956,GB17UZSJ91821944245970,86870.46,Ahorro,2017-08-23
1456,882,GB90VBOS50086161618748,50659.32,Corriente,2014-08-09
1457,108,GB44OJJT93043747738728,74738.3,Ahorro,2014-09-09
1458,145,GB78CGGN90585538956630,96105.33,Corriente,2019-08-28
1459,348,GB13SHQM61518052600346,96710.66,Ahorro,2017-07-18
1460,821,GB58CTVG13945846170813,29694.57,Corriente,2017-02-24
1461,119,GB16KRWZ10404634981129,35381.11,Corriente,2020-05-29
1462,344,GB39LNJA49465364059463,13119.11,Ahorro,2023-03-18
1463,895,GB11RSMV21061504190973,6899.59,Corriente,2019-11-29
1464,228,GB36QPDM87321289727987,69964.76,Corriente,2022-10-18
1465,627,GB31JQEP00474631827511,92127.24,Corriente,2018-05-24
1466,175,GB53TROS80098008522001,37974.18,Corriente,2016-10-29
1467,949,GB82BXLO57041186121493,73109.63,Ahorro,2022-08-25
1468,458,GB05FDRR52375660268130,43448.8,Corriente,2017-02-27
1469,476,GB65MXQC70699836253604,6860.86,Ahorro,2022-08-24
1470,816,GB89BUPY87271436390839,92584.66,Corriente,2022-03-14
1471,594,GB03CNAB63811347247051,54315.08,Ahorro,2019-10-08
1472,851,GB71GYJJ21400024386515,77560.65,Corriente,2020-12-18
1473,307,GB30RRAI53608414705266,1653.11,Corriente,2016-03-24
1474,381,GB23STPI97455538181132,49749.84,Corriente,2022-04-07
1475,590,GB57HRNL91116823475045,14448.54,Corriente,2018-06-18
1476,647,GB19DXYM60603540385808,30646.73,Ahorro,2019-02-13
1477,123,GB73CUGM11591833779909,42762.47,Ahorro,2023-05-08
1478,769,GB44TLUV03669824824652,33557.99,Ahorro,2017-07-09
1479,953,GB16KRZG46587176971744,80551.05,Corriente,2022-02-21
1480,237,GB31IBHB53471304647964,8853.85,Ahorro,2020-02-26
1481,938,GB43IJBO16149355793649,5629.01,Corriente,2017-02-10
1482,107,GB97RYAN52868251535823,34855.56,Ahorro,2019-11-16
1483,191,GB50BUXK02132160748685,64876.39,Corriente,2015-03-09
1484,526,GB79WZZD14905901730874,87332.39,Ahorro,2015-05-09
1485,86,GB80UTSA73089951899327,23817.32,Ahorro,2015-01-12
1486,236,GB49HCKQ39779568435064,4663.76,Ahorro,2016-01-23
1487,379,GB81MLCQ81667153714645,1522.85,Corriente,2015-02-27
1488,676,GB73LHBK81601011548725,59412.58,Ahorro,2017-01-18
1489,381,GB66KAIB28580799708703,84336.61,Corriente,2022-04-15
1490,843,GB40GGHN36468279011107,14812.5,Corriente,2017-09-25
1491,93,GB06OQVV12861039644441,77554.09,Corriente,2015-06-24
1492,690,GB59VGPO85757261882359,57354.62,Ahorro,2017-12-09
1493,620,GB53EODC44317229825232,48812.92,Ahorro,2016-02-18
1494,844,GB59PRDW84059442077988,71442.02,Corriente,2016-12-22
1495,73,GB20TLQI28564027359913,8721.02,Corriente,2015-04-19
1496,56,GB25EJHG67863705716816,66769.74,Corriente,2015-12-08
1497,446,GB39RPRT08852372841226,23348.06,Corriente,2021-07-18
1498,297,GB77RDGN88207238286620,86653.25,Ahorro,2017-09-13
1499,366,GB80VVSQ30853732839090,46744.16,Ahorro,2022-04-28
